顧客ID,年齢層,居住地,年収,投資経験,リードソース,Webサイト閲覧深度,セミナー参加,問い合わせからの経過日数,投資目的,希望投資額,検討の時期,過去の接触回数,最終接触からの経過日数,高関心ページ閲覧フラグ,質問レベル,紹介フラグ,アンケート回答フラグ,既存賃貸物件所有フラグ,成約フラグ
A1,50代以上,東京都内,500万~800万,経験あり,紹介,5,0,130,資産形成,2000万~3000万,1年以内,10,59,1,基本,0,0,1,1
A2,40代,東京都内,500万~800万,経験なし,広告,4,0,14,資産形成,3000万~5000万,未定/情報収集,3,5,1,詳細,0,0,0,0
A3,30代,東京都内,1200万~2000万,経験なし,Web資料請求,4,1,44,家賃収入,5000万~,半年以内,4,19,0,基本,0,0,0,1
A4,50代以上,東京都内,800万~1200万,経験あり,Web資料請求,3,0,31,資産形成,2000万~3000万,3ヶ月以内,6,16,0,詳細,0,0,1,1
A5,40代,その他地方,500万~800万,経験あり,Web資料請求,4,0,87,税金対策,5000万~,未定/情報収集,10,4,0,普通,0,0,1,0
A6,50代以上,関東近郊,1200万~2000万,経験あり,セミナー,4,0,24,資産形成,3000万~5000万,未定/情報収集,6,24,0,普通,0,1,0,0
A7,50代以上,東京都内,500万~800万,経験あり,紹介,1,0,13,資産形成,5000万~,3ヶ月以内,2,2,1,普通,0,0,0,1
A8,20代,関東近郊,~500万,経験あり,広告,5,1,112,年金対策,2000万~3000万,3ヶ月以内,7,25,1,普通,0,1,0,1
A9,20代,東京都内,800万~1200万,経験なし,広告,1,0,134,資産形成,3000万~5000万,半年以内,7,58,0,基本,0,1,0,0
A10,50代以上,関東近郊,800万~1200万,経験なし,Web資料請求,4,0,6,資産形成,3000万~5000万,1年以内,4,6,0,普通,0,0,0,0
A11,30代,その他地方,1200万~2000万,経験なし,セミナー,3,0,114,税金対策,3000万~5000万,半年以内,5,4,1,詳細,0,0,0,0
A12,40代,東京都内,1200万~2000万,経験なし,セミナー,3,0,144,税金対策,~2000万,未定/情報収集,6,89,0,基本,1,1,0,1
A13,20代,東京都内,500万~800万,経験なし,セミナー,2,1,172,家賃収入,3000万~5000万,未定/情報収集,9,76,0,基本,0,0,0,0
A14,40代,関東近郊,1200万~2000万,経験あり,Web資料請求,4,0,66,税金対策,2000万~3000万,1年以内,4,57,0,普通,1,1,0,1
A15,50代以上,その他地方,1200万~2000万,経験あり,Web資料請求,1,1,115,資産形成,~2000万,1年以内,5,47,0,基本,0,1,0,0
A16,40代,関東近郊,1200万~2000万,経験あり,Web資料請求,5,1,125,税金対策,3000万~5000万,3ヶ月以内,4,36,0,普通,1,1,0,1
A17,50代以上,東京都内,800万~1200万,経験なし,Web資料請求,4,0,15,資産形成,2000万~3000万,未定/情報収集,5,3,1,普通,0,0,0,0
A18,40代,東京都内,1200万~2000万,経験あり,セミナー,2,0,120,税金対策,~2000万,1年以内,4,53,0,基本,0,1,0,1
A19,40代,東京都内,500万~800万,経験なし,広告,1,0,66,資産形成,3000万~5000万,半年以内,7,48,1,普通,0,0,0,0
A20,30代,その他地方,800万~1200万,経験あり,Web資料請求,3,0,164,家賃収入,5000万~,半年以内,5,18,1,普通,0,1,0,0
A21,30代,東京都内,800万~1200万,経験なし,紹介,3,0,76,その他,2000万~3000万,3ヶ月以内,2,30,0,詳細,0,0,0,0
A22,40代,東京都内,800万~1200万,経験なし,セミナー,2,0,16,税金対策,3000万~5000万,1年以内,10,15,0,基本,0,0,0,0
A23,30代,東京都内,800万~1200万,経験なし,セミナー,3,0,64,年金対策,2000万~3000万,1年以内,9,26,1,基本,0,0,0,1
A24,40代,東京都内,800万~1200万,経験なし,セミナー,1,1,158,家賃収入,2000万~3000万,1年以内,1,4,1,詳細,0,0,0,0
A25,50代以上,東京都内,2000万~,経験なし,広告,1,1,99,家賃収入,3000万~5000万,半年以内,7,29,1,基本,0,0,0,1
A26,40代,関東近郊,1200万~2000万,経験あり,Web資料請求,2,1,137,資産形成,2000万~3000万,1年以内,8,14,1,普通,0,1,0,1
A27,30代,東京都内,800万~1200万,経験あり,Web資料請求,3,1,154,家賃収入,5000万~,3ヶ月以内,10,45,1,詳細,0,1,0,1
A28,30代,関東近郊,500万~800万,経験あり,広告,3,0,63,資産形成,3000万~5000万,半年以内,9,27,0,詳細,0,0,0,1
A29,30代,関東近郊,1200万~2000万,経験なし,セミナー,4,0,167,家賃収入,2000万~3000万,未定/情報収集,6,44,0,普通,0,0,0,1
A30,40代,東京都内,1200万~2000万,経験あり,セミナー,3,0,51,資産形成,~2000万,半年以内,4,28,0,普通,0,0,0,1
A31,30代,東京都内,2000万~,経験あり,紹介,1,0,135,税金対策,~2000万,半年以内,4,32,0,普通,1,1,0,1
A32,20代,東京都内,500万~800万,経験あり,Web資料請求,3,0,17,年金対策,3000万~5000万,3ヶ月以内,6,0,1,普通,0,0,0,0
A33,40代,その他地方,800万~1200万,経験なし,紹介,3,0,44,年金対策,2000万~3000万,未定/情報収集,9,43,1,詳細,0,0,0,0
A34,30代,東京都内,800万~1200万,経験なし,セミナー,3,0,105,年金対策,5000万~,半年以内,9,79,1,普通,0,0,1,1
A35,30代,東京都内,1200万~2000万,経験なし,紹介,4,0,77,家賃収入,2000万~3000万,半年以内,3,27,1,普通,0,1,0,1
A36,40代,東京都内,500万~800万,経験あり,セミナー,5,0,56,税金対策,2000万~3000万,未定/情報収集,5,50,1,普通,1,1,0,1
A37,40代,東京都内,800万~1200万,経験あり,広告,5,0,136,資産形成,3000万~5000万,未定/情報収集,2,7,0,普通,0,0,0,0
A38,50代以上,東京都内,500万~800万,経験あり,セミナー,1,0,34,資産形成,2000万~3000万,半年以内,10,34,0,詳細,0,0,0,1
A39,40代,東京都内,800万~1200万,経験あり,広告,3,0,150,家賃収入,2000万~3000万,1年以内,1,27,1,普通,0,1,0,1
A40,40代,関東近郊,800万~1200万,経験あり,Web資料請求,4,0,78,資産形成,2000万~3000万,半年以内,1,55,1,普通,0,1,0,0
A41,40代,東京都内,1200万~2000万,経験あり,Web資料請求,4,0,30,税金対策,3000万~5000万,3ヶ月以内,9,27,0,詳細,0,0,0,1
A42,50代以上,東京都内,800万~1200万,経験なし,広告,2,1,53,その他,2000万~3000万,半年以内,9,53,0,詳細,0,1,0,1
A43,40代,東京都内,500万~800万,経験なし,広告,2,0,38,資産形成,5000万~,3ヶ月以内,8,2,0,基本,0,1,0,0
A44,50代以上,東京都内,500万~800万,経験あり,広告,2,1,116,家賃収入,3000万~5000万,1年以内,4,32,0,詳細,0,0,0,0
A45,30代,東京都内,500万~800万,経験なし,Web資料請求,1,1,12,家賃収入,3000万~5000万,1年以内,2,5,1,普通,0,0,0,0
A46,30代,東京都内,800万~1200万,経験あり,セミナー,4,0,177,資産形成,~2000万,半年以内,1,26,0,普通,0,1,0,0
A47,40代,東京都内,800万~1200万,経験なし,紹介,3,0,89,家賃収入,3000万~5000万,1年以内,9,15,1,詳細,0,0,0,1
A48,50代以上,東京都内,800万~1200万,経験あり,紹介,3,0,117,資産形成,2000万~3000万,半年以内,4,87,1,基本,0,0,0,1
A49,40代,東京都内,1200万~2000万,経験なし,紹介,3,0,139,その他,2000万~3000万,半年以内,9,84,1,基本,0,1,0,1
A50,40代,東京都内,800万~1200万,経験あり,広告,5,0,71,資産形成,2000万~3000万,未定/情報収集,10,30,0,普通,0,1,0,1
A51,40代,東京都内,1200万~2000万,経験あり,セミナー,1,1,103,資産形成,5000万~,1年以内,1,37,1,詳細,0,1,0,1
A52,40代,東京都内,500万~800万,経験なし,Web資料請求,4,0,15,家賃収入,3000万~5000万,未定/情報収集,3,10,0,基本,0,0,0,1
A53,50代以上,東京都内,1200万~2000万,経験あり,Web資料請求,4,0,106,家賃収入,2000万~3000万,半年以内,10,67,0,普通,0,0,0,0
A54,40代,東京都内,500万~800万,経験あり,広告,1,0,72,資産形成,~2000万,3ヶ月以内,4,63,0,基本,0,1,0,0
A55,40代,東京都内,1200万~2000万,経験なし,紹介,1,0,20,資産形成,5000万~,半年以内,6,1,0,基本,0,0,0,0
A56,30代,東京都内,1200万~2000万,経験なし,Web資料請求,1,0,82,資産形成,3000万~5000万,半年以内,0,59,0,詳細,0,0,0,0
A57,40代,東京都内,500万~800万,経験なし,セミナー,1,0,150,税金対策,2000万~3000万,半年以内,1,6,1,普通,0,0,0,0
A58,50代以上,東京都内,800万~1200万,経験なし,紹介,3,0,24,資産形成,3000万~5000万,3ヶ月以内,6,0,0,普通,0,1,0,1
A59,40代,関東近郊,2000万~,経験なし,広告,2,0,10,家賃収入,2000万~3000万,1年以内,1,3,1,詳細,0,0,0,0
A60,20代,関東近郊,1200万~2000万,経験あり,Web資料請求,1,0,167,資産形成,2000万~3000万,1年以内,0,7,0,基本,0,1,0,0
A61,50代以上,東京都内,1200万~2000万,経験なし,セミナー,1,0,180,税金対策,3000万~5000万,半年以内,2,66,0,普通,0,0,0,0
A62,50代以上,東京都内,~500万,経験なし,広告,2,0,176,資産形成,2000万~3000万,1年以内,1,46,1,基本,0,0,0,0
A63,40代,東京都内,800万~1200万,経験なし,広告,3,0,42,家賃収入,3000万~5000万,半年以内,1,2,0,詳細,0,1,0,0
A64,40代,その他地方,800万~1200万,経験あり,Web資料請求,2,1,172,資産形成,3000万~5000万,未定/情報収集,9,78,0,基本,1,0,0,1
A65,30代,東京都内,~500万,経験あり,広告,5,0,38,資産形成,3000万~5000万,3ヶ月以内,2,20,0,基本,0,0,0,0
A66,40代,関東近郊,500万~800万,経験なし,広告,1,1,55,税金対策,3000万~5000万,未定/情報収集,4,24,1,普通,0,1,0,0
A67,30代,関東近郊,800万~1200万,経験なし,紹介,1,1,62,税金対策,2000万~3000万,1年以内,2,56,0,普通,0,0,0,0
A68,30代,関東近郊,500万~800万,経験なし,セミナー,2,0,164,資産形成,3000万~5000万,3ヶ月以内,9,89,0,基本,0,1,0,0
A69,50代以上,東京都内,2000万~,経験なし,Web資料請求,1,0,171,年金対策,~2000万,3ヶ月以内,1,87,0,普通,0,0,0,0
A70,40代,関東近郊,1200万~2000万,経験なし,広告,4,1,13,家賃収入,5000万~,半年以内,7,4,1,普通,0,0,0,1
A71,40代,その他地方,800万~1200万,経験なし,セミナー,5,0,131,税金対策,~2000万,半年以内,5,32,0,普通,1,0,0,1
A72,50代以上,東京都内,1200万~2000万,経験なし,セミナー,3,0,62,年金対策,~2000万,1年以内,9,38,0,基本,0,0,1,1
A73,40代,東京都内,2000万~,経験あり,広告,4,0,15,資産形成,2000万~3000万,未定/情報収集,7,8,0,普通,0,0,0,1
A74,50代以上,東京都内,500万~800万,経験あり,セミナー,4,1,53,家賃収入,3000万~5000万,半年以内,6,32,0,基本,0,1,0,1
A75,40代,東京都内,~500万,経験なし,紹介,2,0,144,家賃収入,3000万~5000万,半年以内,2,65,0,普通,0,0,0,0
A76,40代,東京都内,1200万~2000万,経験なし,Web資料請求,3,1,47,家賃収入,3000万~5000万,1年以内,10,16,0,基本,0,1,0,1
A77,40代,東京都内,800万~1200万,経験あり,Web資料請求,4,0,15,年金対策,3000万~5000万,1年以内,9,15,1,普通,0,0,0,1
A78,30代,関東近郊,800万~1200万,経験あり,セミナー,4,0,91,資産形成,2000万~3000万,1年以内,10,51,0,基本,0,1,0,1
A79,30代,東京都内,1200万~2000万,経験なし,セミナー,5,0,11,家賃収入,~2000万,3ヶ月以内,2,8,1,詳細,0,1,0,1
A80,50代以上,関東近郊,800万~1200万,経験なし,セミナー,4,1,2,資産形成,~2000万,半年以内,8,2,1,基本,0,1,0,1
A81,40代,関東近郊,800万~1200万,経験あり,紹介,3,0,55,資産形成,3000万~5000万,1年以内,6,52,0,普通,1,1,0,1
A82,30代,東京都内,2000万~,経験あり,Web資料請求,4,1,127,家賃収入,2000万~3000万,未定/情報収集,7,80,0,詳細,0,1,0,1
A83,30代,東京都内,500万~800万,経験あり,Web資料請求,2,0,31,資産形成,~2000万,未定/情報収集,10,27,0,詳細,0,0,0,0
A84,30代,その他地方,500万~800万,経験なし,紹介,3,0,64,資産形成,2000万~3000万,半年以内,9,21,0,普通,0,0,0,0
A85,40代,その他地方,800万~1200万,経験なし,セミナー,5,0,159,資産形成,2000万~3000万,3ヶ月以内,10,90,1,普通,0,1,0,1
A86,50代以上,その他地方,800万~1200万,経験あり,広告,3,0,97,家賃収入,3000万~5000万,半年以内,9,67,1,詳細,0,1,1,1
A87,40代,東京都内,800万~1200万,経験あり,広告,3,0,6,資産形成,3000万~5000万,3ヶ月以内,2,0,1,普通,0,0,0,1
A88,50代以上,その他地方,1200万~2000万,経験あり,広告,1,0,114,資産形成,2000万~3000万,3ヶ月以内,4,73,1,詳細,0,0,0,0
A89,50代以上,東京都内,1200万~2000万,経験あり,Web資料請求,5,1,175,家賃収入,2000万~3000万,1年以内,3,2,1,普通,0,1,0,1
A90,40代,その他地方,800万~1200万,経験なし,広告,4,0,45,資産形成,2000万~3000万,半年以内,8,14,1,詳細,0,0,0,0
A91,50代以上,東京都内,800万~1200万,経験あり,広告,4,1,152,年金対策,2000万~3000万,半年以内,6,47,1,基本,0,0,0,0
A92,40代,関東近郊,800万~1200万,経験なし,Web資料請求,1,0,64,資産形成,5000万~,半年以内,3,21,0,普通,0,1,0,0
A93,40代,東京都内,1200万~2000万,経験なし,セミナー,4,1,153,資産形成,3000万~5000万,半年以内,3,10,0,詳細,0,0,0,1
A94,40代,東京都内,800万~1200万,経験なし,Web資料請求,5,0,8,資産形成,5000万~,1年以内,9,4,0,基本,0,0,0,1
A95,30代,東京都内,500万~800万,経験あり,Web資料請求,5,0,77,資産形成,3000万~5000万,3ヶ月以内,6,75,1,普通,0,0,0,1
A96,50代以上,東京都内,800万~1200万,経験なし,Web資料請求,2,0,42,家賃収入,2000万~3000万,1年以内,6,32,1,詳細,0,1,0,1
A97,50代以上,関東近郊,2000万~,経験なし,紹介,3,0,55,その他,2000万~3000万,1年以内,2,16,1,詳細,0,1,0,1
A98,40代,東京都内,800万~1200万,経験なし,紹介,1,1,97,税金対策,2000万~3000万,半年以内,5,68,1,基本,0,0,0,1
A99,50代以上,東京都内,1200万~2000万,経験あり,セミナー,1,0,145,資産形成,3000万~5000万,1年以内,5,54,0,普通,0,1,0,1
A100,40代,東京都内,2000万~,経験あり,Web資料請求,3,0,94,資産形成,2000万~3000万,1年以内,9,16,0,普通,0,1,0,1
A101,40代,東京都内,1200万~2000万,経験あり,紹介,5,1,114,家賃収入,2000万~3000万,3ヶ月以内,2,31,1,普通,0,0,0,1
A102,40代,関東近郊,800万~1200万,経験なし,Web資料請求,2,0,53,税金対策,2000万~3000万,1年以内,0,18,1,普通,0,0,1,1
A103,50代以上,東京都内,500万~800万,経験なし,Web資料請求,2,0,83,資産形成,3000万~5000万,未定/情報収集,1,46,0,基本,0,0,0,0
A104,40代,その他地方,800万~1200万,経験なし,紹介,5,1,162,税金対策,2000万~3000万,3ヶ月以内,3,26,1,詳細,0,0,0,1
A105,20代,その他地方,800万~1200万,経験あり,広告,4,0,8,家賃収入,3000万~5000万,3ヶ月以内,3,2,0,詳細,0,0,0,0
A106,40代,関東近郊,800万~1200万,経験なし,セミナー,5,0,70,家賃収入,~2000万,未定/情報収集,7,43,0,普通,0,1,0,1
A107,50代以上,関東近郊,800万~1200万,経験あり,Web資料請求,2,0,41,資産形成,~2000万,未定/情報収集,9,6,0,基本,0,0,0,0
A108,50代以上,東京都内,1200万~2000万,経験なし,セミナー,1,0,109,資産形成,2000万~3000万,1年以内,9,21,1,基本,0,0,0,0
A109,20代,東京都内,2000万~,経験なし,広告,5,0,109,資産形成,3000万~5000万,1年以内,0,46,1,詳細,0,0,0,0
A110,40代,関東近郊,~500万,経験あり,Web資料請求,1,0,34,家賃収入,5000万~,1年以内,4,5,0,基本,0,1,0,1
A111,50代以上,東京都内,500万~800万,経験あり,広告,1,0,155,家賃収入,2000万~3000万,1年以内,3,55,1,基本,0,1,1,0
A112,50代以上,東京都内,800万~1200万,経験なし,広告,1,0,49,資産形成,2000万~3000万,3ヶ月以内,0,29,0,基本,0,0,0,0
A113,30代,関東近郊,1200万~2000万,経験あり,セミナー,4,0,82,資産形成,2000万~3000万,未定/情報収集,10,72,0,詳細,0,0,0,1
A114,50代以上,関東近郊,800万~1200万,経験なし,セミナー,1,0,31,資産形成,3000万~5000万,1年以内,5,24,1,普通,0,0,0,0
A115,30代,東京都内,1200万~2000万,経験あり,紹介,3,1,146,資産形成,~2000万,1年以内,5,15,1,基本,0,0,0,1
A116,50代以上,東京都内,1200万~2000万,経験なし,セミナー,1,0,143,年金対策,3000万~5000万,半年以内,3,90,1,基本,0,0,0,0
A117,40代,東京都内,2000万~,経験なし,Web資料請求,5,0,129,資産形成,3000万~5000万,3ヶ月以内,3,58,0,普通,0,0,0,0
A118,40代,東京都内,~500万,経験なし,紹介,1,0,93,資産形成,3000万~5000万,1年以内,0,23,0,普通,0,0,0,0
A119,30代,東京都内,800万~1200万,経験なし,Web資料請求,1,0,147,家賃収入,3000万~5000万,3ヶ月以内,3,12,0,基本,0,0,0,0
A120,50代以上,東京都内,1200万~2000万,経験あり,セミナー,5,0,125,家賃収入,2000万~3000万,3ヶ月以内,10,66,1,基本,0,1,0,1
A121,40代,関東近郊,800万~1200万,経験あり,広告,3,0,28,税金対策,3000万~5000万,半年以内,4,5,0,基本,0,0,0,0
A122,30代,関東近郊,500万~800万,経験なし,Web資料請求,5,0,18,家賃収入,5000万~,半年以内,4,13,1,詳細,0,0,0,0
A123,50代以上,東京都内,500万~800万,経験あり,Web資料請求,3,0,162,年金対策,2000万~3000万,1年以内,0,2,1,基本,1,0,0,0
A124,40代,東京都内,800万~1200万,経験あり,紹介,1,0,6,家賃収入,2000万~3000万,1年以内,9,0,0,普通,0,0,0,1
A125,40代,関東近郊,~500万,経験なし,Web資料請求,2,0,63,資産形成,~2000万,半年以内,9,61,1,普通,0,0,0,0
A126,40代,東京都内,800万~1200万,経験あり,セミナー,3,0,52,資産形成,3000万~5000万,未定/情報収集,9,33,1,詳細,0,0,0,1
A127,50代以上,その他地方,2000万~,経験なし,紹介,2,0,148,資産形成,2000万~3000万,未定/情報収集,8,49,0,基本,0,0,0,0
A128,20代,東京都内,800万~1200万,経験なし,Web資料請求,4,0,20,家賃収入,2000万~3000万,半年以内,0,2,0,詳細,0,1,0,0
A129,50代以上,関東近郊,500万~800万,経験あり,セミナー,2,0,7,資産形成,2000万~3000万,半年以内,10,2,0,普通,1,0,0,1
A130,40代,東京都内,2000万~,経験あり,Web資料請求,2,0,56,税金対策,5000万~,3ヶ月以内,8,34,1,詳細,0,0,0,1
A131,30代,東京都内,800万~1200万,経験なし,紹介,1,0,65,税金対策,2000万~3000万,3ヶ月以内,1,51,0,普通,0,1,0,0
A132,30代,東京都内,2000万~,経験あり,Web資料請求,1,0,172,家賃収入,5000万~,半年以内,5,78,0,詳細,0,1,0,1
A133,50代以上,関東近郊,800万~1200万,経験あり,広告,4,0,53,税金対策,2000万~3000万,半年以内,6,5,0,普通,0,1,0,0
A134,40代,東京都内,500万~800万,経験あり,セミナー,4,0,129,家賃収入,3000万~5000万,1年以内,1,6,1,基本,1,1,0,1
A135,40代,東京都内,1200万~2000万,経験あり,Web資料請求,4,1,90,資産形成,3000万~5000万,未定/情報収集,8,20,1,基本,0,0,0,1
A136,50代以上,東京都内,800万~1200万,経験なし,Web資料請求,2,0,25,家賃収入,5000万~,1年以内,3,17,0,詳細,0,0,0,0
A137,50代以上,関東近郊,1200万~2000万,経験なし,セミナー,4,0,104,家賃収入,2000万~3000万,3ヶ月以内,5,19,0,詳細,0,0,0,0
A138,50代以上,東京都内,2000万~,経験なし,セミナー,4,1,107,資産形成,2000万~3000万,3ヶ月以内,1,29,1,詳細,0,1,0,1
A139,40代,関東近郊,~500万,経験なし,広告,1,1,25,その他,5000万~,1年以内,2,0,1,普通,0,0,0,0
A140,30代,東京都内,1200万~2000万,経験なし,Web資料請求,5,0,0,年金対策,5000万~,1年以内,8,0,0,普通,0,0,0,1
A141,50代以上,関東近郊,2000万~,経験あり,セミナー,2,0,129,年金対策,3000万~5000万,半年以内,5,55,0,基本,0,0,0,1
A142,30代,その他地方,500万~800万,経験なし,紹介,2,0,151,資産形成,5000万~,半年以内,5,37,0,普通,0,0,0,0
A143,40代,東京都内,500万~800万,経験なし,広告,4,0,32,家賃収入,5000万~,3ヶ月以内,3,6,0,普通,0,1,0,1
A144,40代,東京都内,1200万~2000万,経験あり,広告,2,1,89,家賃収入,3000万~5000万,半年以内,0,40,0,普通,1,0,0,1
A145,40代,東京都内,~500万,経験なし,Web資料請求,1,1,3,資産形成,2000万~3000万,未定/情報収集,3,3,1,基本,0,0,0,0
A146,50代以上,その他地方,500万~800万,経験なし,広告,2,0,152,家賃収入,5000万~,1年以内,9,61,1,基本,0,0,0,0
A147,30代,東京都内,500万~800万,経験あり,広告,1,0,92,資産形成,2000万~3000万,1年以内,10,55,1,詳細,0,0,1,1
A148,50代以上,東京都内,2000万~,経験あり,Web資料請求,4,0,122,家賃収入,2000万~3000万,未定/情報収集,6,58,0,基本,0,1,0,1
A149,30代,東京都内,1200万~2000万,経験なし,広告,4,0,113,家賃収入,~2000万,3ヶ月以内,9,18,0,普通,0,1,0,1
A150,40代,関東近郊,~500万,経験なし,紹介,5,0,106,税金対策,3000万~5000万,半年以内,7,26,1,普通,1,1,0,1
A151,40代,東京都内,1200万~2000万,経験なし,Web資料請求,2,0,36,資産形成,3000万~5000万,3ヶ月以内,2,2,0,普通,0,0,0,1
A152,40代,東京都内,1200万~2000万,経験あり,Web資料請求,5,0,74,税金対策,2000万~3000万,未定/情報収集,0,68,0,詳細,0,0,0,0
A153,40代,関東近郊,800万~1200万,経験あり,Web資料請求,5,0,10,資産形成,2000万~3000万,未定/情報収集,10,1,1,普通,0,1,0,1
A154,40代,その他地方,800万~1200万,経験あり,セミナー,4,0,25,資産形成,~2000万,3ヶ月以内,10,6,1,基本,0,1,0,1
A155,50代以上,関東近郊,1200万~2000万,経験あり,紹介,3,0,126,資産形成,~2000万,未定/情報収集,6,58,1,基本,0,0,0,0
A156,40代,関東近郊,1200万~2000万,経験なし,セミナー,5,0,0,家賃収入,~2000万,未定/情報収集,1,0,1,普通,0,0,0,0
A157,30代,東京都内,1200万~2000万,経験あり,セミナー,3,0,87,資産形成,~2000万,1年以内,7,24,1,基本,0,1,0,1
A158,50代以上,東京都内,800万~1200万,経験なし,セミナー,2,0,124,資産形成,~2000万,1年以内,0,34,0,普通,0,0,0,0
A159,40代,東京都内,800万~1200万,経験あり,広告,5,0,56,資産形成,~2000万,1年以内,7,14,0,普通,0,0,0,0
A160,50代以上,その他地方,800万~1200万,経験なし,広告,3,0,123,家賃収入,5000万~,未定/情報収集,6,12,1,詳細,0,0,0,0
A161,30代,関東近郊,800万~1200万,経験なし,セミナー,3,0,111,その他,2000万~3000万,3ヶ月以内,3,58,0,普通,0,0,0,0
A162,40代,東京都内,800万~1200万,経験なし,Web資料請求,5,1,31,資産形成,2000万~3000万,半年以内,9,31,1,普通,0,0,0,1
A163,40代,東京都内,~500万,経験あり,Web資料請求,4,0,30,税金対策,2000万~3000万,1年以内,7,16,0,詳細,0,1,0,1
A164,40代,東京都内,1200万~2000万,経験あり,広告,3,1,52,家賃収入,3000万~5000万,1年以内,9,13,1,基本,0,1,0,1
A165,20代,東京都内,2000万~,経験あり,セミナー,5,1,66,その他,5000万~,1年以内,7,6,1,普通,0,1,0,1
A166,50代以上,その他地方,2000万~,経験あり,セミナー,4,0,130,家賃収入,2000万~3000万,未定/情報収集,3,33,1,基本,0,0,0,0
A167,50代以上,関東近郊,~500万,経験なし,Web資料請求,3,0,151,家賃収入,3000万~5000万,未定/情報収集,6,87,0,基本,0,1,0,0
A168,40代,東京都内,1200万~2000万,経験なし,広告,3,1,32,家賃収入,3000万~5000万,3ヶ月以内,5,8,0,普通,0,1,0,1
A169,40代,関東近郊,2000万~,経験なし,Web資料請求,1,1,131,年金対策,3000万~5000万,半年以内,8,14,1,普通,0,1,0,1
A170,30代,東京都内,800万~1200万,経験なし,セミナー,1,1,135,家賃収入,5000万~,未定/情報収集,0,51,0,普通,0,1,0,0
A171,30代,東京都内,800万~1200万,経験なし,Web資料請求,4,0,155,税金対策,2000万~3000万,未定/情報収集,6,22,0,詳細,0,1,0,0
A172,20代,東京都内,800万~1200万,経験あり,紹介,5,0,132,資産形成,2000万~3000万,1年以内,0,76,1,普通,0,0,0,0
A173,40代,東京都内,1200万~2000万,経験なし,Web資料請求,1,0,177,家賃収入,2000万~3000万,1年以内,7,83,0,基本,0,0,0,0
A174,50代以上,関東近郊,500万~800万,経験あり,セミナー,2,0,166,資産形成,~2000万,3ヶ月以内,6,46,1,基本,0,0,0,1
A175,30代,関東近郊,~500万,経験あり,セミナー,1,0,43,資産形成,3000万~5000万,1年以内,9,43,1,基本,0,1,0,1
A176,50代以上,東京都内,500万~800万,経験あり,セミナー,3,0,144,その他,3000万~5000万,1年以内,9,6,0,基本,0,0,0,0
A177,30代,東京都内,800万~1200万,経験なし,広告,2,0,104,家賃収入,2000万~3000万,3ヶ月以内,10,17,1,普通,0,0,0,0
A178,50代以上,関東近郊,1200万~2000万,経験あり,Web資料請求,2,0,3,年金対策,2000万~3000万,半年以内,6,1,0,普通,0,1,0,0
A179,30代,その他地方,800万~1200万,経験あり,セミナー,1,1,131,税金対策,3000万~5000万,未定/情報収集,4,14,0,普通,0,1,0,0
A180,40代,東京都内,1200万~2000万,経験なし,セミナー,5,1,3,資産形成,2000万~3000万,未定/情報収集,0,1,0,詳細,0,0,0,1
A181,50代以上,東京都内,1200万~2000万,経験なし,Web資料請求,5,0,99,資産形成,5000万~,未定/情報収集,2,41,1,詳細,1,1,0,1
A182,50代以上,東京都内,1200万~2000万,経験なし,Web資料請求,4,0,107,資産形成,~2000万,半年以内,0,86,0,普通,0,0,0,0
A183,50代以上,関東近郊,2000万~,経験なし,Web資料請求,5,0,122,資産形成,3000万~5000万,半年以内,2,16,0,詳細,0,0,0,0
A184,50代以上,東京都内,1200万~2000万,経験あり,セミナー,1,0,154,家賃収入,3000万~5000万,未定/情報収集,10,47,1,詳細,1,1,0,1
A185,40代,東京都内,500万~800万,経験なし,紹介,5,0,11,家賃収入,5000万~,1年以内,7,5,1,基本,0,0,0,1
A186,50代以上,その他地方,2000万~,経験なし,紹介,1,0,9,家賃収入,5000万~,未定/情報収集,8,8,1,基本,0,0,0,1
A187,40代,東京都内,500万~800万,経験なし,広告,2,1,109,税金対策,3000万~5000万,1年以内,0,6,0,普通,0,0,0,0
A188,30代,関東近郊,800万~1200万,経験あり,Web資料請求,1,0,177,家賃収入,2000万~3000万,半年以内,6,17,1,基本,0,1,0,0
A189,30代,東京都内,500万~800万,経験なし,Web資料請求,4,0,148,家賃収入,~2000万,3ヶ月以内,3,84,1,普通,0,0,0,0
A190,50代以上,関東近郊,1200万~2000万,経験あり,セミナー,2,0,93,資産形成,3000万~5000万,半年以内,4,69,0,詳細,0,1,0,0
A191,50代以上,東京都内,800万~1200万,経験あり,Web資料請求,5,0,138,税金対策,~2000万,3ヶ月以内,8,31,1,基本,1,0,0,1
A192,30代,関東近郊,800万~1200万,経験あり,セミナー,5,0,16,家賃収入,2000万~3000万,半年以内,8,16,1,普通,0,0,0,1
A193,40代,関東近郊,2000万~,経験あり,広告,5,0,2,家賃収入,2000万~3000万,半年以内,3,1,0,基本,0,1,0,1
A194,40代,東京都内,1200万~2000万,経験あり,紹介,5,0,130,家賃収入,3000万~5000万,未定/情報収集,2,66,0,基本,0,1,0,1
A195,30代,東京都内,800万~1200万,経験なし,Web資料請求,3,1,128,税金対策,3000万~5000万,未定/情報収集,5,51,0,基本,0,1,0,0
A196,30代,その他地方,1200万~2000万,経験あり,セミナー,4,1,22,資産形成,5000万~,半年以内,3,3,1,普通,0,0,0,1
A197,30代,東京都内,800万~1200万,経験あり,紹介,3,0,83,資産形成,~2000万,未定/情報収集,8,72,1,普通,0,1,0,1
A198,20代,東京都内,800万~1200万,経験あり,Web資料請求,4,0,154,資産形成,~2000万,未定/情報収集,1,20,1,詳細,0,1,0,0
A199,30代,東京都内,800万~1200万,経験なし,Web資料請求,3,0,69,年金対策,2000万~3000万,未定/情報収集,7,60,1,詳細,0,1,0,1
A200,40代,関東近郊,800万~1200万,経験なし,広告,5,0,128,資産形成,2000万~3000万,未定/情報収集,6,28,0,詳細,0,1,0,0
A201,30代,東京都内,500万~800万,経験なし,紹介,5,1,174,家賃収入,~2000万,3ヶ月以内,0,79,1,詳細,0,1,0,1
A202,50代以上,関東近郊,500万~800万,経験なし,Web資料請求,5,1,164,税金対策,5000万~,3ヶ月以内,1,17,1,基本,1,0,0,1
A203,40代,東京都内,800万~1200万,経験なし,Web資料請求,5,1,14,税金対策,2000万~3000万,1年以内,4,5,0,普通,0,1,0,1
A204,20代,関東近郊,500万~800万,経験あり,Web資料請求,3,1,142,年金対策,5000万~,半年以内,10,30,1,詳細,0,1,0,1
A205,50代以上,東京都内,500万~800万,経験なし,セミナー,4,0,84,資産形成,2000万~3000万,3ヶ月以内,1,22,1,詳細,0,1,0,0
A206,50代以上,東京都内,800万~1200万,経験なし,Web資料請求,3,0,140,税金対策,5000万~,1年以内,9,23,0,基本,0,1,0,0
A207,40代,その他地方,~500万,経験あり,Web資料請求,4,1,131,資産形成,3000万~5000万,半年以内,10,85,0,基本,0,1,0,0
A208,50代以上,東京都内,2000万~,経験あり,広告,2,0,96,資産形成,2000万~3000万,1年以内,4,28,0,基本,0,1,0,1
A209,40代,その他地方,1200万~2000万,経験あり,Web資料請求,3,0,47,税金対策,2000万~3000万,未定/情報収集,1,1,1,詳細,1,0,0,0
A210,40代,東京都内,~500万,経験あり,Web資料請求,2,1,143,資産形成,2000万~3000万,1年以内,9,64,0,詳細,0,0,0,0
A211,40代,東京都内,~500万,経験なし,セミナー,1,0,146,年金対策,2000万~3000万,半年以内,4,84,1,普通,1,0,0,1
A212,40代,東京都内,800万~1200万,経験なし,広告,3,0,179,資産形成,2000万~3000万,半年以内,3,37,0,詳細,0,1,0,0
A213,40代,東京都内,1200万~2000万,経験なし,紹介,2,0,114,資産形成,5000万~,未定/情報収集,10,69,0,詳細,0,0,0,1
A214,40代,東京都内,800万~1200万,経験あり,紹介,5,0,144,家賃収入,5000万~,半年以内,8,74,0,詳細,0,0,0,1
A215,40代,東京都内,1200万~2000万,経験なし,広告,5,1,126,その他,3000万~5000万,半年以内,5,6,1,普通,1,0,0,1
A216,40代,東京都内,~500万,経験なし,紹介,3,0,173,資産形成,3000万~5000万,未定/情報収集,4,27,1,詳細,0,0,0,0
A217,40代,関東近郊,1200万~2000万,経験なし,広告,2,0,79,資産形成,2000万~3000万,1年以内,9,29,0,詳細,0,0,0,0
A218,40代,東京都内,500万~800万,経験なし,紹介,4,1,40,税金対策,2000万~3000万,3ヶ月以内,10,10,0,普通,0,1,0,1
A219,50代以上,東京都内,1200万~2000万,経験あり,セミナー,2,1,107,資産形成,2000万~3000万,1年以内,10,78,1,詳細,0,0,0,1
A220,30代,東京都内,500万~800万,経験なし,Web資料請求,3,1,88,資産形成,~2000万,未定/情報収集,6,8,0,普通,1,1,0,0
A221,40代,東京都内,800万~1200万,経験なし,セミナー,5,1,56,資産形成,3000万~5000万,3ヶ月以内,6,51,0,普通,0,1,0,1
A222,30代,東京都内,500万~800万,経験なし,セミナー,4,0,77,家賃収入,5000万~,半年以内,3,74,1,基本,1,1,0,1
A223,50代以上,その他地方,800万~1200万,経験なし,セミナー,2,1,68,家賃収入,3000万~5000万,未定/情報収集,5,34,0,基本,0,1,1,0
A224,40代,東京都内,~500万,経験あり,紹介,3,1,93,その他,3000万~5000万,未定/情報収集,4,0,1,基本,0,0,0,1
A225,50代以上,東京都内,500万~800万,経験なし,紹介,4,0,100,資産形成,~2000万,半年以内,8,77,0,基本,0,1,0,1
A226,40代,関東近郊,800万~1200万,経験なし,セミナー,2,0,87,資産形成,3000万~5000万,未定/情報収集,8,78,1,普通,1,0,0,1
A227,50代以上,関東近郊,~500万,経験なし,Web資料請求,4,0,151,資産形成,2000万~3000万,1年以内,6,29,1,普通,0,0,0,0
A228,40代,関東近郊,800万~1200万,経験なし,Web資料請求,3,0,93,資産形成,5000万~,未定/情報収集,1,38,0,普通,0,0,0,0
A229,50代以上,東京都内,500万~800万,経験なし,Web資料請求,4,0,38,資産形成,3000万~5000万,3ヶ月以内,3,28,0,基本,0,0,0,0
A230,50代以上,東京都内,~500万,経験あり,Web資料請求,1,1,94,資産形成,~2000万,1年以内,0,34,0,基本,0,1,0,0
A231,40代,東京都内,~500万,経験あり,紹介,3,0,41,資産形成,3000万~5000万,半年以内,7,7,0,普通,0,0,0,1
A232,50代以上,東京都内,500万~800万,経験なし,広告,3,0,82,資産形成,~2000万,1年以内,5,38,0,詳細,0,0,0,0
A233,30代,関東近郊,500万~800万,経験なし,広告,1,0,154,資産形成,2000万~3000万,未定/情報収集,4,28,1,詳細,0,0,0,0
A234,20代,関東近郊,800万~1200万,経験あり,Web資料請求,1,1,93,税金対策,2000万~3000万,1年以内,2,3,0,普通,0,0,0,0
A235,50代以上,関東近郊,500万~800万,経験あり,広告,1,0,14,年金対策,5000万~,未定/情報収集,6,5,1,普通,0,0,0,0
A236,30代,東京都内,800万~1200万,経験あり,セミナー,4,1,100,資産形成,3000万~5000万,1年以内,5,87,1,詳細,0,0,0,1
A237,40代,東京都内,500万~800万,経験あり,広告,3,0,43,資産形成,2000万~3000万,1年以内,10,28,1,基本,0,1,0,1
A238,40代,関東近郊,500万~800万,経験あり,広告,2,1,44,資産形成,3000万~5000万,半年以内,6,33,1,詳細,0,0,0,1
A239,40代,東京都内,800万~1200万,経験あり,セミナー,1,1,54,家賃収入,5000万~,半年以内,8,39,1,普通,0,0,0,1
A240,20代,東京都内,500万~800万,経験なし,広告,4,0,42,資産形成,~2000万,1年以内,1,14,1,普通,0,0,0,0
A241,50代以上,関東近郊,1200万~2000万,経験なし,Web資料請求,2,0,18,資産形成,5000万~,半年以内,10,10,0,詳細,0,1,0,1
A242,40代,東京都内,800万~1200万,経験あり,Web資料請求,2,1,112,年金対策,2000万~3000万,1年以内,5,70,0,詳細,0,0,1,1
A243,30代,その他地方,~500万,経験なし,紹介,4,1,104,税金対策,~2000万,3ヶ月以内,1,56,0,基本,0,0,0,0
A244,40代,関東近郊,800万~1200万,経験なし,セミナー,3,0,142,資産形成,2000万~3000万,半年以内,0,69,0,普通,0,1,0,0
A245,40代,東京都内,500万~800万,経験なし,広告,5,1,44,税金対策,3000万~5000万,3ヶ月以内,7,15,0,基本,1,0,0,1
A246,40代,東京都内,800万~1200万,経験あり,広告,4,0,179,資産形成,5000万~,半年以内,2,34,0,基本,0,1,0,0
A247,50代以上,関東近郊,800万~1200万,経験あり,広告,2,1,22,家賃収入,3000万~5000万,半年以内,0,6,1,普通,1,1,1,1
A248,50代以上,東京都内,2000万~,経験なし,セミナー,5,1,15,家賃収入,2000万~3000万,1年以内,3,13,0,詳細,0,1,0,1
A249,50代以上,東京都内,500万~800万,経験あり,セミナー,4,0,25,資産形成,5000万~,半年以内,8,13,0,基本,0,0,0,0
A250,40代,東京都内,800万~1200万,経験なし,セミナー,4,0,156,資産形成,~2000万,未定/情報収集,0,50,1,基本,1,0,0,0
A251,40代,東京都内,800万~1200万,経験なし,セミナー,2,0,164,年金対策,3000万~5000万,1年以内,2,29,0,普通,0,0,0,0
A252,50代以上,東京都内,500万~800万,経験なし,紹介,2,0,42,税金対策,5000万~,3ヶ月以内,6,25,0,普通,0,0,0,0
A253,40代,関東近郊,~500万,経験あり,セミナー,4,1,157,資産形成,2000万~3000万,半年以内,6,78,0,基本,0,1,0,0
A254,40代,東京都内,1200万~2000万,経験あり,Web資料請求,4,0,179,資産形成,2000万~3000万,1年以内,3,70,0,詳細,0,0,0,0
A255,30代,東京都内,800万~1200万,経験あり,広告,2,0,64,家賃収入,3000万~5000万,1年以内,7,58,1,普通,0,1,0,0
A256,30代,その他地方,800万~1200万,経験なし,広告,1,0,65,資産形成,~2000万,3ヶ月以内,5,48,0,普通,0,0,0,0
A257,40代,関東近郊,800万~1200万,経験なし,Web資料請求,1,0,83,税金対策,2000万~3000万,3ヶ月以内,5,63,1,詳細,0,0,0,0
A258,50代以上,東京都内,~500万,経験なし,Web資料請求,2,1,43,年金対策,3000万~5000万,1年以内,8,20,1,基本,0,1,0,0
A259,50代以上,その他地方,1200万~2000万,経験なし,セミナー,5,0,125,家賃収入,2000万~3000万,半年以内,6,46,0,詳細,0,1,0,1
A260,40代,東京都内,500万~800万,経験なし,広告,5,1,168,資産形成,3000万~5000万,1年以内,1,33,0,普通,0,1,0,0
A261,50代以上,東京都内,1200万~2000万,経験なし,広告,5,0,110,資産形成,5000万~,1年以内,2,15,0,基本,0,0,0,1
A262,30代,東京都内,1200万~2000万,経験なし,Web資料請求,3,0,146,資産形成,5000万~,3ヶ月以内,10,38,0,普通,0,1,0,1
A263,20代,その他地方,~500万,経験あり,Web資料請求,3,0,14,資産形成,3000万~5000万,1年以内,9,4,0,普通,0,1,0,0
A264,50代以上,東京都内,500万~800万,経験あり,広告,2,1,88,家賃収入,2000万~3000万,半年以内,5,78,0,普通,0,1,0,0
A265,50代以上,東京都内,1200万~2000万,経験なし,広告,1,0,60,家賃収入,2000万~3000万,1年以内,10,38,1,普通,0,0,0,0
A266,40代,東京都内,500万~800万,経験なし,紹介,2,0,24,年金対策,2000万~3000万,半年以内,1,0,0,基本,0,1,0,0
A267,30代,関東近郊,800万~1200万,経験なし,紹介,4,0,4,家賃収入,3000万~5000万,未定/情報収集,3,0,1,基本,1,1,0,1
A268,50代以上,その他地方,~500万,経験あり,広告,5,0,5,税金対策,2000万~3000万,3ヶ月以内,0,2,1,詳細,0,1,0,0
A269,30代,東京都内,500万~800万,経験なし,Web資料請求,4,1,29,資産形成,2000万~3000万,3ヶ月以内,0,6,0,普通,0,0,0,0
A270,50代以上,東京都内,1200万~2000万,経験あり,Web資料請求,2,0,2,家賃収入,~2000万,1年以内,5,1,1,基本,0,0,0,1
A271,40代,東京都内,800万~1200万,経験なし,Web資料請求,3,0,152,資産形成,2000万~3000万,半年以内,8,76,1,基本,0,1,0,0
A272,20代,その他地方,500万~800万,経験あり,紹介,3,0,24,税金対策,~2000万,半年以内,5,11,0,普通,0,1,0,0
A273,30代,東京都内,~500万,経験あり,Web資料請求,3,0,100,資産形成,3000万~5000万,半年以内,5,79,1,詳細,0,1,0,1
A274,40代,その他地方,800万~1200万,経験なし,セミナー,5,0,84,家賃収入,3000万~5000万,1年以内,4,62,0,普通,0,0,0,0
A275,30代,関東近郊,800万~1200万,経験なし,広告,4,1,7,家賃収入,5000万~,未定/情報収集,4,0,1,詳細,0,0,0,1
A276,50代以上,その他地方,2000万~,経験あり,セミナー,3,0,82,家賃収入,3000万~5000万,未定/情報収集,10,48,1,詳細,0,0,0,1
A277,30代,東京都内,800万~1200万,経験あり,広告,1,1,104,資産形成,~2000万,半年以内,2,84,0,基本,0,1,0,0
A278,30代,東京都内,1200万~2000万,経験あり,Web資料請求,4,1,172,資産形成,2000万~3000万,3ヶ月以内,1,46,0,詳細,1,0,0,1
A279,30代,その他地方,500万~800万,経験なし,セミナー,5,0,79,資産形成,2000万~3000万,未定/情報収集,2,13,1,詳細,0,0,0,0
A280,40代,東京都内,1200万~2000万,経験なし,広告,5,0,64,家賃収入,2000万~3000万,1年以内,6,47,0,詳細,0,0,0,1
A281,30代,東京都内,500万~800万,経験なし,Web資料請求,5,1,178,資産形成,2000万~3000万,3ヶ月以内,1,65,0,普通,0,0,0,0
A282,50代以上,東京都内,1200万~2000万,経験なし,セミナー,2,0,129,家賃収入,5000万~,1年以内,0,36,1,詳細,0,1,0,1
A283,40代,東京都内,500万~800万,経験あり,広告,1,1,179,税金対策,2000万~3000万,1年以内,0,78,0,基本,0,0,0,0
A284,50代以上,関東近郊,~500万,経験なし,Web資料請求,3,0,176,資産形成,3000万~5000万,未定/情報収集,4,74,0,普通,0,1,0,0
A285,50代以上,東京都内,800万~1200万,経験あり,Web資料請求,2,1,180,その他,~2000万,半年以内,4,35,0,詳細,0,1,0,0
A286,50代以上,関東近郊,~500万,経験なし,Web資料請求,1,0,37,家賃収入,2000万~3000万,3ヶ月以内,0,5,0,普通,0,1,0,0
A287,50代以上,関東近郊,~500万,経験なし,セミナー,2,0,51,家賃収入,2000万~3000万,半年以内,8,10,0,基本,0,1,0,0
A288,50代以上,その他地方,1200万~2000万,経験あり,紹介,3,0,112,資産形成,~2000万,1年以内,2,62,0,基本,0,0,0,0
A289,30代,その他地方,500万~800万,経験あり,広告,1,0,66,税金対策,2000万~3000万,3ヶ月以内,2,47,1,基本,0,0,0,0
A290,50代以上,その他地方,500万~800万,経験あり,広告,4,1,161,税金対策,2000万~3000万,3ヶ月以内,4,25,1,基本,0,1,1,1
A291,30代,東京都内,500万~800万,経験あり,広告,5,0,128,資産形成,3000万~5000万,3ヶ月以内,3,11,1,普通,0,0,0,0
A292,40代,東京都内,500万~800万,経験なし,広告,2,0,116,税金対策,3000万~5000万,1年以内,4,68,1,普通,0,1,0,0
A293,50代以上,その他地方,500万~800万,経験あり,広告,2,0,55,年金対策,2000万~3000万,未定/情報収集,9,30,0,普通,0,0,0,0
A294,40代,東京都内,1200万~2000万,経験なし,広告,4,1,20,その他,~2000万,未定/情報収集,3,13,0,普通,0,0,0,0
A295,50代以上,東京都内,1200万~2000万,経験なし,Web資料請求,4,0,22,資産形成,3000万~5000万,3ヶ月以内,8,1,0,普通,0,1,0,1
A296,20代,その他地方,800万~1200万,経験なし,紹介,1,0,51,家賃収入,3000万~5000万,半年以内,0,14,0,普通,0,0,0,0
A297,40代,関東近郊,1200万~2000万,経験あり,Web資料請求,5,0,32,資産形成,~2000万,1年以内,8,32,1,基本,0,1,0,1
A298,30代,東京都内,2000万~,経験なし,Web資料請求,1,0,116,家賃収入,3000万~5000万,3ヶ月以内,3,3,0,普通,0,0,0,1
A299,50代以上,関東近郊,2000万~,経験なし,Web資料請求,3,0,21,家賃収入,2000万~3000万,半年以内,7,14,0,詳細,0,0,0,0
A300,20代,東京都内,500万~800万,経験あり,広告,2,1,145,家賃収入,3000万~5000万,3ヶ月以内,5,54,0,基本,0,0,0,0
A301,30代,東京都内,800万~1200万,経験なし,Web資料請求,5,0,57,年金対策,2000万~3000万,3ヶ月以内,1,57,0,基本,0,0,0,0
A302,30代,関東近郊,2000万~,経験あり,Web資料請求,5,0,107,家賃収入,3000万~5000万,3ヶ月以内,4,84,0,基本,0,1,0,1
A303,40代,東京都内,800万~1200万,経験あり,セミナー,2,0,55,税金対策,3000万~5000万,1年以内,9,52,1,詳細,0,1,1,1
A304,30代,東京都内,800万~1200万,経験なし,Web資料請求,4,0,134,家賃収入,2000万~3000万,3ヶ月以内,6,29,1,基本,0,1,0,0
A305,50代以上,東京都内,~500万,経験なし,Web資料請求,4,0,67,資産形成,2000万~3000万,半年以内,8,54,0,詳細,0,0,0,0
A306,20代,東京都内,500万~800万,経験あり,紹介,4,0,119,その他,2000万~3000万,未定/情報収集,7,13,0,普通,0,0,0,0
A307,40代,その他地方,1200万~2000万,経験なし,広告,2,1,156,家賃収入,5000万~,1年以内,8,69,1,普通,0,1,0,0
A308,40代,その他地方,~500万,経験なし,Web資料請求,5,1,50,家賃収入,2000万~3000万,半年以内,9,10,0,普通,0,0,0,0
A309,30代,東京都内,800万~1200万,経験なし,Web資料請求,2,0,69,年金対策,3000万~5000万,未定/情報収集,9,52,1,基本,0,0,0,0
A310,40代,東京都内,800万~1200万,経験あり,Web資料請求,1,0,93,年金対策,3000万~5000万,半年以内,4,42,1,基本,0,1,0,0
A311,30代,その他地方,800万~1200万,経験なし,広告,2,1,5,資産形成,2000万~3000万,1年以内,4,5,1,詳細,0,0,0,1
A312,50代以上,その他地方,800万~1200万,経験なし,Web資料請求,4,1,140,資産形成,3000万~5000万,3ヶ月以内,9,53,0,基本,0,1,0,1
A313,20代,東京都内,800万~1200万,経験あり,セミナー,5,1,18,税金対策,5000万~,3ヶ月以内,3,1,1,普通,0,0,0,1
A314,40代,東京都内,800万~1200万,経験あり,紹介,5,0,20,年金対策,3000万~5000万,半年以内,8,7,0,普通,0,1,0,1
A315,40代,東京都内,1200万~2000万,経験あり,Web資料請求,4,0,179,家賃収入,~2000万,1年以内,9,19,0,基本,0,0,0,0
A316,30代,東京都内,500万~800万,経験なし,紹介,4,0,106,資産形成,3000万~5000万,半年以内,3,25,0,普通,0,0,0,0
A317,20代,東京都内,800万~1200万,経験あり,広告,5,0,11,年金対策,5000万~,半年以内,2,7,1,普通,0,1,0,0
A318,50代以上,東京都内,~500万,経験なし,Web資料請求,2,0,17,家賃収入,2000万~3000万,1年以内,1,7,0,普通,0,1,0,0
A319,50代以上,関東近郊,800万~1200万,経験なし,Web資料請求,1,0,81,家賃収入,2000万~3000万,3ヶ月以内,8,44,1,普通,0,0,0,0
A320,40代,関東近郊,1200万~2000万,経験あり,Web資料請求,2,0,96,資産形成,5000万~,3ヶ月以内,10,31,1,普通,0,0,1,1
A321,30代,関東近郊,800万~1200万,経験あり,広告,1,0,11,家賃収入,2000万~3000万,未定/情報収集,2,9,0,基本,0,1,0,0
A322,40代,東京都内,500万~800万,経験あり,広告,4,1,156,家賃収入,3000万~5000万,半年以内,8,22,0,普通,0,0,0,1
A323,40代,東京都内,800万~1200万,経験あり,広告,4,0,108,税金対策,3000万~5000万,未定/情報収集,7,61,0,普通,1,1,0,1
A324,40代,東京都内,~500万,経験あり,広告,3,1,159,資産形成,3000万~5000万,3ヶ月以内,7,2,0,普通,0,0,0,1
A325,50代以上,東京都内,500万~800万,経験なし,セミナー,3,0,47,税金対策,5000万~,未定/情報収集,10,0,0,普通,0,0,0,0
A326,30代,東京都内,800万~1200万,経験あり,セミナー,5,0,142,年金対策,2000万~3000万,未定/情報収集,10,31,1,詳細,0,1,0,1
A327,50代以上,東京都内,~500万,経験なし,紹介,5,1,98,家賃収入,~2000万,3ヶ月以内,10,52,1,普通,0,0,0,1
A328,30代,関東近郊,800万~1200万,経験なし,セミナー,5,1,52,資産形成,~2000万,半年以内,0,41,1,普通,0,0,0,1
A329,30代,東京都内,500万~800万,経験なし,広告,2,0,158,資産形成,~2000万,1年以内,0,59,0,基本,0,0,0,0
A330,30代,東京都内,2000万~,経験なし,セミナー,4,0,31,税金対策,5000万~,1年以内,8,22,1,普通,0,0,0,1
A331,40代,その他地方,~500万,経験なし,Web資料請求,1,1,64,資産形成,2000万~3000万,半年以内,8,64,1,詳細,1,0,0,0
A332,50代以上,東京都内,500万~800万,経験なし,Web資料請求,2,1,100,家賃収入,2000万~3000万,未定/情報収集,8,90,0,普通,0,0,0,0
A333,40代,東京都内,800万~1200万,経験なし,広告,2,0,15,家賃収入,2000万~3000万,未定/情報収集,3,11,1,基本,1,1,0,1
A334,40代,東京都内,800万~1200万,経験なし,Web資料請求,3,0,72,家賃収入,2000万~3000万,未定/情報収集,2,37,1,基本,0,1,0,0
A335,40代,関東近郊,800万~1200万,経験あり,広告,1,1,47,資産形成,2000万~3000万,半年以内,9,41,1,普通,0,0,0,0
A336,40代,東京都内,500万~800万,経験なし,セミナー,3,0,129,家賃収入,3000万~5000万,1年以内,10,34,0,普通,0,1,0,1
A337,40代,東京都内,2000万~,経験なし,セミナー,1,1,109,資産形成,2000万~3000万,半年以内,4,39,1,基本,1,1,0,1
A338,50代以上,関東近郊,500万~800万,経験あり,広告,5,0,58,家賃収入,5000万~,半年以内,0,33,1,詳細,0,1,0,1
A339,30代,関東近郊,1200万~2000万,経験なし,Web資料請求,1,1,33,税金対策,3000万~5000万,1年以内,8,27,0,基本,0,0,0,0
A340,30代,東京都内,1200万~2000万,経験あり,広告,1,0,6,家賃収入,3000万~5000万,1年以内,9,6,0,普通,0,1,0,1
A341,20代,その他地方,800万~1200万,経験なし,セミナー,2,0,30,家賃収入,5000万~,半年以内,7,27,1,普通,0,1,0,1
A342,40代,関東近郊,1200万~2000万,経験あり,紹介,5,1,87,税金対策,3000万~5000万,1年以内,4,59,0,詳細,0,1,0,1
A343,50代以上,東京都内,800万~1200万,経験あり,セミナー,3,0,104,家賃収入,2000万~3000万,未定/情報収集,0,46,0,基本,0,0,0,0
A344,40代,東京都内,800万~1200万,経験あり,紹介,3,0,18,税金対策,5000万~,半年以内,5,16,0,普通,1,0,0,1
A345,50代以上,その他地方,500万~800万,経験なし,広告,2,0,41,家賃収入,2000万~3000万,未定/情報収集,1,2,0,普通,0,0,0,0
A346,30代,関東近郊,500万~800万,経験なし,セミナー,1,0,163,家賃収入,2000万~3000万,未定/情報収集,0,12,0,普通,0,0,0,0
A347,20代,その他地方,800万~1200万,経験なし,Web資料請求,5,0,21,その他,2000万~3000万,未定/情報収集,8,15,0,基本,0,0,0,0
A348,40代,東京都内,1200万~2000万,経験なし,セミナー,1,1,109,資産形成,5000万~,未定/情報収集,6,56,0,普通,1,1,0,1
A349,30代,関東近郊,2000万~,経験なし,セミナー,5,0,134,資産形成,3000万~5000万,未定/情報収集,1,8,0,基本,0,0,1,1
A350,20代,東京都内,800万~1200万,経験あり,紹介,4,0,131,家賃収入,~2000万,半年以内,10,39,0,詳細,0,0,0,0
A351,40代,関東近郊,800万~1200万,経験あり,紹介,2,0,76,資産形成,3000万~5000万,未定/情報収集,10,44,0,基本,0,0,0,0
A352,50代以上,その他地方,800万~1200万,経験なし,セミナー,2,1,7,資産形成,3000万~5000万,3ヶ月以内,1,0,1,普通,0,0,0,1
A353,30代,東京都内,500万~800万,経験あり,広告,4,1,36,家賃収入,3000万~5000万,半年以内,10,15,1,詳細,0,1,0,1
A354,50代以上,関東近郊,500万~800万,経験なし,広告,1,0,21,家賃収入,3000万~5000万,1年以内,7,15,1,普通,0,1,0,0
A355,40代,関東近郊,2000万~,経験あり,広告,1,0,75,家賃収入,5000万~,半年以内,7,73,0,基本,1,1,0,1
A356,30代,東京都内,1200万~2000万,経験あり,紹介,4,0,14,資産形成,3000万~5000万,1年以内,8,9,0,詳細,0,1,0,1
A357,50代以上,東京都内,500万~800万,経験あり,セミナー,1,1,160,家賃収入,2000万~3000万,未定/情報収集,3,45,1,基本,0,1,0,1
A358,40代,東京都内,2000万~,経験なし,Web資料請求,2,0,125,家賃収入,2000万~3000万,1年以内,1,51,1,詳細,0,0,0,0
A359,40代,その他地方,800万~1200万,経験あり,Web資料請求,4,0,107,資産形成,2000万~3000万,半年以内,9,44,0,基本,0,0,0,0
A360,40代,東京都内,~500万,経験なし,広告,1,0,30,資産形成,5000万~,半年以内,7,24,1,普通,0,0,0,0
A361,30代,東京都内,800万~1200万,経験なし,セミナー,1,0,68,資産形成,~2000万,半年以内,3,4,1,普通,1,1,0,1
A362,30代,関東近郊,800万~1200万,経験なし,Web資料請求,5,0,166,家賃収入,2000万~3000万,未定/情報収集,3,8,0,詳細,0,1,0,0
A363,30代,関東近郊,500万~800万,経験あり,セミナー,1,0,32,資産形成,2000万~3000万,1年以内,9,5,1,詳細,0,1,0,0
A364,50代以上,関東近郊,500万~800万,経験なし,Web資料請求,2,0,125,家賃収入,~2000万,半年以内,9,32,1,詳細,0,0,0,0
A365,40代,東京都内,800万~1200万,経験あり,紹介,2,0,32,家賃収入,2000万~3000万,1年以内,8,22,0,基本,0,0,0,1
A366,40代,その他地方,1200万~2000万,経験なし,広告,2,1,114,年金対策,~2000万,3ヶ月以内,3,31,0,基本,0,1,0,0
A367,50代以上,東京都内,800万~1200万,経験なし,紹介,1,0,146,資産形成,3000万~5000万,1年以内,6,76,1,基本,0,0,0,1
A368,50代以上,東京都内,800万~1200万,経験なし,広告,4,0,133,資産形成,~2000万,3ヶ月以内,4,42,0,基本,0,1,0,0
A369,40代,その他地方,800万~1200万,経験あり,Web資料請求,3,1,77,家賃収入,~2000万,半年以内,1,58,1,基本,0,1,0,0
A370,40代,東京都内,500万~800万,経験なし,Web資料請求,5,0,38,家賃収入,3000万~5000万,3ヶ月以内,4,15,0,普通,0,1,0,1
A371,40代,関東近郊,800万~1200万,経験あり,紹介,4,1,154,資産形成,2000万~3000万,1年以内,9,2,0,基本,0,0,0,1
A372,40代,関東近郊,800万~1200万,経験なし,紹介,1,1,144,税金対策,2000万~3000万,1年以内,0,71,0,基本,0,0,0,0
A373,50代以上,東京都内,~500万,経験なし,紹介,3,0,66,資産形成,3000万~5000万,1年以内,4,8,1,基本,1,0,0,1
A374,30代,関東近郊,800万~1200万,経験あり,広告,1,0,79,年金対策,~2000万,3ヶ月以内,0,10,0,普通,0,0,0,0
A375,30代,東京都内,1200万~2000万,経験なし,セミナー,4,1,93,資産形成,~2000万,半年以内,6,32,0,普通,0,0,0,1
A376,40代,その他地方,500万~800万,経験なし,Web資料請求,3,0,105,家賃収入,2000万~3000万,1年以内,4,71,1,詳細,0,0,0,0
A377,40代,東京都内,1200万~2000万,経験あり,紹介,2,0,95,資産形成,5000万~,半年以内,1,63,0,詳細,0,1,0,1
A378,40代,東京都内,800万~1200万,経験あり,セミナー,3,0,16,資産形成,3000万~5000万,半年以内,9,9,0,基本,0,1,0,1
A379,40代,東京都内,500万~800万,経験あり,紹介,5,1,56,資産形成,~2000万,1年以内,1,25,0,基本,0,0,0,1
A380,30代,東京都内,1200万~2000万,経験あり,広告,2,0,55,資産形成,2000万~3000万,半年以内,10,41,1,普通,1,0,0,1
A381,40代,東京都内,500万~800万,経験あり,セミナー,1,0,1,家賃収入,2000万~3000万,1年以内,1,0,1,詳細,0,0,0,0
A382,40代,東京都内,1200万~2000万,経験なし,紹介,4,0,128,税金対策,~2000万,半年以内,4,42,0,基本,0,0,0,1
A383,50代以上,関東近郊,500万~800万,経験なし,広告,2,1,106,税金対策,3000万~5000万,半年以内,9,30,0,普通,0,0,0,0
A384,40代,関東近郊,800万~1200万,経験なし,セミナー,4,1,0,資産形成,5000万~,半年以内,10,0,0,普通,0,1,0,1
A385,30代,東京都内,500万~800万,経験あり,紹介,5,0,179,資産形成,3000万~5000万,半年以内,3,9,0,普通,0,1,0,1
A386,40代,関東近郊,800万~1200万,経験なし,広告,2,0,48,家賃収入,2000万~3000万,3ヶ月以内,2,25,0,普通,0,0,1,1
A387,20代,東京都内,1200万~2000万,経験なし,紹介,4,0,65,年金対策,3000万~5000万,半年以内,3,21,1,普通,0,0,0,1
A388,40代,東京都内,500万~800万,経験なし,Web資料請求,2,1,72,家賃収入,2000万~3000万,未定/情報収集,6,59,0,普通,0,1,0,0
A389,30代,東京都内,1200万~2000万,経験なし,広告,4,1,97,資産形成,3000万~5000万,1年以内,2,15,0,普通,0,1,0,1
A390,30代,東京都内,2000万~,経験あり,Web資料請求,5,1,122,資産形成,2000万~3000万,半年以内,3,9,0,基本,0,0,0,0
A391,40代,東京都内,1200万~2000万,経験なし,紹介,4,0,110,資産形成,5000万~,1年以内,1,66,1,普通,0,0,0,0
A392,30代,関東近郊,1200万~2000万,経験あり,広告,2,0,81,年金対策,3000万~5000万,1年以内,3,30,1,詳細,1,0,0,1
A393,40代,関東近郊,500万~800万,経験あり,Web資料請求,4,0,164,家賃収入,2000万~3000万,3ヶ月以内,3,33,1,普通,0,0,0,0
A394,40代,東京都内,800万~1200万,経験なし,Web資料請求,3,1,10,家賃収入,3000万~5000万,1年以内,7,1,1,普通,0,0,0,1
A395,40代,東京都内,500万~800万,経験あり,Web資料請求,3,0,60,資産形成,~2000万,1年以内,6,41,0,普通,0,1,0,0
A396,30代,関東近郊,1200万~2000万,経験あり,広告,5,0,80,資産形成,2000万~3000万,3ヶ月以内,9,73,1,基本,0,0,0,1
A397,50代以上,関東近郊,800万~1200万,経験なし,セミナー,3,0,49,家賃収入,~2000万,1年以内,7,29,0,詳細,0,0,0,0
A398,20代,関東近郊,800万~1200万,経験なし,Web資料請求,1,0,119,資産形成,2000万~3000万,1年以内,3,29,1,基本,1,1,0,0
A399,40代,関東近郊,500万~800万,経験なし,セミナー,4,0,169,年金対策,2000万~3000万,3ヶ月以内,4,60,1,詳細,1,0,0,1
A400,30代,その他地方,500万~800万,経験あり,セミナー,2,1,115,資産形成,2000万~3000万,未定/情報収集,0,30,0,普通,1,0,0,0
A401,20代,東京都内,1200万~2000万,経験なし,Web資料請求,2,0,143,資産形成,3000万~5000万,未定/情報収集,0,24,0,詳細,0,1,0,0
A402,50代以上,その他地方,800万~1200万,経験なし,広告,2,1,57,家賃収入,3000万~5000万,1年以内,8,21,0,普通,0,0,0,0
A403,50代以上,関東近郊,800万~1200万,経験あり,Web資料請求,3,1,28,家賃収入,2000万~3000万,3ヶ月以内,0,20,0,基本,0,1,0,0
A404,30代,その他地方,500万~800万,経験なし,広告,1,1,142,資産形成,3000万~5000万,1年以内,5,61,0,基本,1,0,0,0
A405,40代,東京都内,500万~800万,経験あり,Web資料請求,5,0,179,資産形成,5000万~,3ヶ月以内,1,26,0,基本,0,0,0,0
A406,30代,東京都内,500万~800万,経験あり,Web資料請求,2,0,151,資産形成,2000万~3000万,3ヶ月以内,10,45,0,基本,0,0,0,0
A407,40代,東京都内,800万~1200万,経験なし,紹介,2,1,32,資産形成,~2000万,未定/情報収集,8,11,0,基本,0,0,0,1
A408,20代,東京都内,500万~800万,経験あり,Web資料請求,5,1,125,年金対策,2000万~3000万,3ヶ月以内,10,72,0,普通,0,1,0,1
A409,40代,その他地方,800万~1200万,経験なし,広告,1,1,42,年金対策,2000万~3000万,1年以内,6,31,0,詳細,0,0,0,0
A410,40代,東京都内,500万~800万,経験なし,Web資料請求,1,0,36,税金対策,~2000万,1年以内,3,26,0,詳細,0,1,0,0
A411,20代,東京都内,1200万~2000万,経験なし,広告,2,0,166,資産形成,3000万~5000万,1年以内,7,56,1,基本,0,1,0,0
A412,30代,関東近郊,500万~800万,経験なし,セミナー,4,0,32,年金対策,2000万~3000万,1年以内,10,30,0,詳細,0,0,0,1
A413,50代以上,関東近郊,1200万~2000万,経験なし,セミナー,5,0,147,家賃収入,2000万~3000万,半年以内,2,8,0,普通,0,0,0,0
A414,30代,東京都内,1200万~2000万,経験あり,Web資料請求,3,1,165,資産形成,2000万~3000万,3ヶ月以内,4,27,0,詳細,0,0,0,1
A415,40代,東京都内,500万~800万,経験あり,Web資料請求,3,0,168,税金対策,2000万~3000万,1年以内,2,20,1,詳細,0,0,0,0
A416,40代,関東近郊,1200万~2000万,経験なし,Web資料請求,2,0,77,資産形成,2000万~3000万,1年以内,5,4,0,詳細,0,0,0,1
A417,40代,関東近郊,800万~1200万,経験あり,紹介,1,0,122,その他,3000万~5000万,未定/情報収集,5,45,1,詳細,0,1,0,1
A418,30代,東京都内,500万~800万,経験なし,セミナー,2,0,34,資産形成,2000万~3000万,半年以内,9,31,0,普通,0,0,0,0
A419,40代,東京都内,800万~1200万,経験あり,広告,3,0,133,資産形成,~2000万,半年以内,8,69,1,詳細,0,0,0,1
A420,30代,東京都内,800万~1200万,経験なし,セミナー,1,0,156,家賃収入,5000万~,未定/情報収集,1,66,1,基本,0,0,0,0
A421,50代以上,関東近郊,1200万~2000万,経験なし,紹介,1,0,47,税金対策,3000万~5000万,未定/情報収集,6,24,1,詳細,0,0,0,0
A422,30代,東京都内,500万~800万,経験なし,セミナー,5,0,152,家賃収入,2000万~3000万,1年以内,1,58,1,普通,0,0,0,0
A423,50代以上,東京都内,800万~1200万,経験あり,紹介,4,0,76,年金対策,2000万~3000万,未定/情報収集,7,45,0,普通,0,0,0,0
A424,50代以上,東京都内,800万~1200万,経験なし,広告,2,0,123,家賃収入,2000万~3000万,半年以内,9,40,0,普通,0,0,0,0
A425,50代以上,関東近郊,500万~800万,経験なし,Web資料請求,3,0,180,家賃収入,2000万~3000万,未定/情報収集,0,49,0,詳細,0,1,0,0
A426,30代,その他地方,~500万,経験あり,紹介,3,0,171,資産形成,3000万~5000万,半年以内,8,24,1,普通,0,0,0,1
A427,40代,その他地方,800万~1200万,経験なし,広告,1,1,108,資産形成,3000万~5000万,未定/情報収集,3,56,0,普通,0,1,0,0
A428,40代,東京都内,800万~1200万,経験あり,広告,5,0,59,年金対策,5000万~,1年以内,9,24,0,普通,0,0,0,1
A429,30代,東京都内,1200万~2000万,経験なし,紹介,1,1,161,税金対策,3000万~5000万,半年以内,0,63,0,詳細,0,0,0,1
A430,30代,関東近郊,800万~1200万,経験あり,広告,5,0,38,家賃収入,5000万~,半年以内,3,38,0,普通,0,0,0,0
A431,40代,東京都内,800万~1200万,経験あり,セミナー,1,1,108,家賃収入,2000万~3000万,半年以内,8,14,0,基本,0,1,0,1
A432,40代,東京都内,1200万~2000万,経験なし,Web資料請求,1,0,22,資産形成,2000万~3000万,3ヶ月以内,2,3,0,普通,0,0,0,0
A433,50代以上,東京都内,500万~800万,経験あり,セミナー,2,0,100,資産形成,~2000万,1年以内,7,6,1,詳細,0,0,0,0
A434,40代,東京都内,500万~800万,経験なし,広告,4,1,96,資産形成,2000万~3000万,半年以内,5,80,1,普通,0,1,0,0
A435,30代,東京都内,800万~1200万,経験あり,セミナー,3,0,81,税金対策,~2000万,半年以内,2,72,1,普通,0,1,0,1
A436,40代,東京都内,800万~1200万,経験なし,広告,2,0,51,その他,~2000万,半年以内,4,23,0,普通,0,0,0,0
A437,40代,東京都内,500万~800万,経験なし,セミナー,2,0,180,家賃収入,~2000万,1年以内,2,15,1,詳細,0,0,0,0
A438,40代,関東近郊,1200万~2000万,経験あり,紹介,5,1,58,税金対策,2000万~3000万,1年以内,1,34,0,普通,0,1,0,0
A439,30代,東京都内,2000万~,経験なし,広告,2,0,76,家賃収入,3000万~5000万,半年以内,10,62,0,普通,0,1,0,1
A440,30代,東京都内,1200万~2000万,経験なし,Web資料請求,2,0,114,資産形成,3000万~5000万,3ヶ月以内,1,28,0,基本,0,0,0,0
A441,40代,関東近郊,800万~1200万,経験なし,広告,2,0,146,年金対策,5000万~,未定/情報収集,1,20,0,基本,1,1,0,0
A442,30代,東京都内,500万~800万,経験なし,広告,4,0,14,資産形成,2000万~3000万,未定/情報収集,3,14,0,基本,0,0,1,0
A443,40代,東京都内,800万~1200万,経験あり,紹介,2,0,124,家賃収入,3000万~5000万,未定/情報収集,6,56,1,普通,0,1,0,1
A444,50代以上,関東近郊,500万~800万,経験あり,広告,1,1,127,税金対策,5000万~,未定/情報収集,9,42,1,普通,0,1,0,1
A445,50代以上,東京都内,1200万~2000万,経験あり,広告,3,0,100,資産形成,2000万~3000万,未定/情報収集,9,57,1,詳細,0,0,0,1
A446,50代以上,東京都内,800万~1200万,経験あり,紹介,5,1,89,年金対策,5000万~,1年以内,1,23,0,詳細,0,0,0,1
A447,40代,その他地方,800万~1200万,経験あり,Web資料請求,2,0,86,資産形成,~2000万,3ヶ月以内,1,35,0,基本,0,1,0,0
A448,50代以上,東京都内,800万~1200万,経験なし,Web資料請求,1,0,93,家賃収入,~2000万,半年以内,8,75,1,詳細,0,0,0,0
A449,50代以上,関東近郊,500万~800万,経験なし,Web資料請求,3,1,104,資産形成,2000万~3000万,1年以内,5,68,1,詳細,0,0,0,0
A450,30代,関東近郊,800万~1200万,経験あり,広告,4,0,98,家賃収入,3000万~5000万,未定/情報収集,5,14,1,普通,0,0,0,0
A451,50代以上,東京都内,800万~1200万,経験なし,セミナー,5,0,1,税金対策,2000万~3000万,1年以内,2,0,1,普通,0,0,0,1
A452,20代,関東近郊,800万~1200万,経験あり,Web資料請求,2,1,160,家賃収入,5000万~,1年以内,9,14,0,基本,1,1,0,1
A453,30代,東京都内,500万~800万,経験なし,Web資料請求,4,1,47,資産形成,5000万~,半年以内,3,47,0,基本,0,1,0,1
A454,30代,関東近郊,2000万~,経験なし,広告,5,0,157,家賃収入,3000万~5000万,1年以内,2,43,1,普通,0,0,0,1
A455,30代,東京都内,2000万~,経験なし,セミナー,1,0,173,資産形成,3000万~5000万,半年以内,3,14,1,基本,0,0,0,0
A456,20代,東京都内,1200万~2000万,経験なし,広告,5,0,79,家賃収入,~2000万,半年以内,0,11,0,詳細,0,1,0,0
A457,40代,東京都内,500万~800万,経験なし,紹介,1,0,120,資産形成,2000万~3000万,半年以内,1,81,0,普通,0,0,0,0
A458,50代以上,東京都内,500万~800万,経験なし,Web資料請求,4,1,142,資産形成,3000万~5000万,1年以内,2,40,1,普通,0,0,0,0
A459,50代以上,その他地方,1200万~2000万,経験あり,広告,1,0,34,年金対策,5000万~,1年以内,8,4,0,詳細,0,1,0,0
A460,20代,その他地方,500万~800万,経験なし,紹介,1,0,13,資産形成,3000万~5000万,1年以内,4,2,0,基本,0,0,0,0
A461,40代,東京都内,~500万,経験なし,広告,4,0,20,家賃収入,2000万~3000万,1年以内,2,14,1,基本,0,0,0,0
A462,40代,関東近郊,2000万~,経験あり,広告,3,0,127,税金対策,2000万~3000万,1年以内,6,40,1,普通,0,0,0,0
A463,40代,関東近郊,800万~1200万,経験あり,セミナー,1,0,174,資産形成,3000万~5000万,1年以内,8,63,0,詳細,0,0,0,0
A464,50代以上,東京都内,800万~1200万,経験あり,Web資料請求,2,0,137,家賃収入,5000万~,半年以内,9,82,1,普通,0,1,0,1
A465,40代,東京都内,1200万~2000万,経験あり,広告,4,1,104,年金対策,3000万~5000万,3ヶ月以内,2,5,1,普通,0,0,0,1
A466,50代以上,その他地方,800万~1200万,経験なし,Web資料請求,2,1,119,年金対策,~2000万,未定/情報収集,1,7,0,普通,0,0,0,0
A467,40代,関東近郊,2000万~,経験あり,セミナー,3,0,97,年金対策,2000万~3000万,半年以内,6,15,0,詳細,0,1,0,1
A468,40代,東京都内,500万~800万,経験なし,Web資料請求,1,0,12,その他,3000万~5000万,3ヶ月以内,6,8,1,基本,0,0,1,1
A469,50代以上,関東近郊,500万~800万,経験なし,紹介,3,0,134,資産形成,2000万~3000万,1年以内,9,41,1,普通,0,0,0,1
A470,50代以上,東京都内,800万~1200万,経験なし,Web資料請求,4,1,174,資産形成,~2000万,半年以内,6,78,1,基本,0,0,0,0
A471,40代,東京都内,800万~1200万,経験なし,紹介,1,0,25,その他,~2000万,未定/情報収集,3,9,0,詳細,0,0,0,1
A472,40代,東京都内,~500万,経験あり,広告,2,0,110,税金対策,2000万~3000万,半年以内,7,49,1,普通,0,1,0,0
A473,30代,東京都内,800万~1200万,経験なし,Web資料請求,3,0,126,資産形成,2000万~3000万,未定/情報収集,3,20,0,基本,0,1,0,0
A474,50代以上,その他地方,~500万,経験なし,Web資料請求,5,0,23,資産形成,3000万~5000万,未定/情報収集,6,15,0,詳細,0,1,0,0
A475,40代,東京都内,800万~1200万,経験あり,紹介,1,0,170,資産形成,3000万~5000万,1年以内,10,31,0,基本,0,1,0,1
A476,50代以上,その他地方,800万~1200万,経験あり,セミナー,1,0,54,税金対策,2000万~3000万,未定/情報収集,4,44,0,普通,0,1,1,0
A477,40代,関東近郊,800万~1200万,経験あり,広告,5,0,125,税金対策,~2000万,半年以内,0,43,0,詳細,1,0,0,1
A478,40代,関東近郊,1200万~2000万,経験あり,Web資料請求,1,0,53,資産形成,3000万~5000万,1年以内,6,13,1,普通,0,0,0,0
A479,30代,東京都内,500万~800万,経験なし,広告,4,0,136,税金対策,3000万~5000万,3ヶ月以内,3,14,1,普通,0,1,0,0
A480,40代,関東近郊,800万~1200万,経験なし,広告,2,1,47,税金対策,5000万~,3ヶ月以内,3,25,0,普通,0,0,1,0
A481,50代以上,東京都内,1200万~2000万,経験なし,Web資料請求,2,1,2,資産形成,5000万~,1年以内,7,1,0,基本,0,1,0,1
A482,30代,関東近郊,800万~1200万,経験あり,Web資料請求,5,0,111,税金対策,~2000万,半年以内,4,69,0,詳細,0,0,1,1
A483,40代,東京都内,2000万~,経験あり,セミナー,2,1,166,税金対策,3000万~5000万,1年以内,1,9,0,基本,0,1,0,0
A484,40代,東京都内,500万~800万,経験なし,広告,1,1,94,資産形成,3000万~5000万,3ヶ月以内,5,47,1,詳細,1,0,0,1
A485,40代,関東近郊,~500万,経験なし,Web資料請求,2,0,172,税金対策,5000万~,1年以内,0,84,0,詳細,0,0,0,0
A486,40代,東京都内,500万~800万,経験あり,セミナー,1,0,122,税金対策,2000万~3000万,半年以内,1,71,1,普通,0,1,0,0
A487,50代以上,東京都内,2000万~,経験あり,セミナー,2,0,53,家賃収入,3000万~5000万,未定/情報収集,10,40,1,詳細,0,0,0,1
A488,40代,東京都内,500万~800万,経験あり,広告,3,1,175,資産形成,2000万~3000万,3ヶ月以内,5,47,0,普通,0,0,0,0
A489,30代,東京都内,~500万,経験あり,セミナー,5,0,32,家賃収入,3000万~5000万,未定/情報収集,3,29,1,普通,0,1,0,1
A490,30代,関東近郊,800万~1200万,経験あり,セミナー,1,0,76,資産形成,3000万~5000万,未定/情報収集,2,34,1,詳細,0,1,0,0
A491,30代,関東近郊,800万~1200万,経験なし,Web資料請求,2,0,51,家賃収入,~2000万,1年以内,10,30,1,詳細,0,1,0,0
A492,40代,東京都内,1200万~2000万,経験なし,セミナー,5,1,62,税金対策,~2000万,1年以内,6,29,0,普通,0,1,0,1
A493,30代,関東近郊,800万~1200万,経験なし,セミナー,1,0,23,資産形成,~2000万,1年以内,6,5,0,基本,0,1,0,0
A494,30代,東京都内,500万~800万,経験なし,セミナー,5,0,33,年金対策,~2000万,3ヶ月以内,3,12,0,普通,0,1,0,0
A495,40代,東京都内,800万~1200万,経験なし,広告,2,0,40,その他,~2000万,未定/情報収集,8,24,0,基本,0,0,0,0
A496,50代以上,東京都内,1200万~2000万,経験あり,Web資料請求,3,1,98,年金対策,~2000万,1年以内,2,13,0,基本,0,1,0,0
A497,40代,東京都内,800万~1200万,経験なし,Web資料請求,3,0,167,年金対策,3000万~5000万,未定/情報収集,0,86,1,詳細,0,0,0,0
A498,50代以上,東京都内,800万~1200万,経験なし,セミナー,1,0,6,税金対策,2000万~3000万,未定/情報収集,3,0,0,普通,1,0,0,0
A499,30代,東京都内,1200万~2000万,経験あり,紹介,5,0,172,資産形成,~2000万,3ヶ月以内,1,81,1,普通,0,0,0,1
A500,20代,東京都内,800万~1200万,経験なし,広告,4,1,120,税金対策,~2000万,1年以内,8,20,0,普通,1,1,0,1
A501,40代,東京都内,~500万,経験なし,広告,3,0,39,家賃収入,~2000万,3ヶ月以内,2,23,1,基本,0,0,0,0
A502,30代,関東近郊,500万~800万,経験あり,セミナー,5,0,87,家賃収入,~2000万,3ヶ月以内,4,78,0,普通,0,1,0,0
A503,40代,関東近郊,800万~1200万,経験なし,Web資料請求,1,0,68,資産形成,2000万~3000万,半年以内,1,15,0,基本,0,0,0,0
A504,50代以上,関東近郊,2000万~,経験なし,セミナー,3,0,148,資産形成,2000万~3000万,3ヶ月以内,3,37,1,基本,0,0,0,1
A505,20代,東京都内,~500万,経験なし,広告,3,0,101,資産形成,5000万~,未定/情報収集,5,78,1,基本,0,0,0,0
A506,20代,関東近郊,800万~1200万,経験なし,紹介,4,0,90,資産形成,3000万~5000万,半年以内,9,83,1,普通,0,0,0,1
A507,50代以上,東京都内,1200万~2000万,経験あり,Web資料請求,4,1,57,資産形成,2000万~3000万,半年以内,5,11,1,普通,0,0,0,1
A508,40代,東京都内,500万~800万,経験あり,広告,3,1,153,家賃収入,3000万~5000万,3ヶ月以内,8,82,1,普通,0,0,0,1
A509,40代,関東近郊,500万~800万,経験なし,広告,4,0,2,税金対策,2000万~3000万,1年以内,9,0,0,普通,0,1,0,0
A510,20代,東京都内,~500万,経験あり,Web資料請求,4,0,10,その他,2000万~3000万,未定/情報収集,6,8,0,詳細,0,0,0,0
A511,40代,関東近郊,~500万,経験あり,セミナー,2,1,98,税金対策,3000万~5000万,1年以内,2,76,0,基本,1,0,0,1
A512,40代,東京都内,1200万~2000万,経験なし,紹介,4,0,13,家賃収入,2000万~3000万,半年以内,7,10,1,普通,0,1,0,1
A513,40代,関東近郊,1200万~2000万,経験なし,セミナー,5,0,52,資産形成,~2000万,半年以内,4,10,1,基本,0,1,0,1
A514,30代,関東近郊,500万~800万,経験あり,Web資料請求,1,1,84,その他,3000万~5000万,1年以内,0,29,0,基本,0,0,0,0
A515,20代,東京都内,800万~1200万,経験なし,セミナー,4,0,151,資産形成,5000万~,3ヶ月以内,2,28,1,基本,0,1,0,0
A516,30代,東京都内,800万~1200万,経験なし,Web資料請求,4,0,148,資産形成,~2000万,未定/情報収集,4,33,0,基本,0,1,0,0
A517,40代,東京都内,800万~1200万,経験なし,広告,3,1,36,家賃収入,3000万~5000万,半年以内,9,11,1,普通,0,1,0,1
A518,50代以上,東京都内,500万~800万,経験あり,Web資料請求,3,0,121,家賃収入,~2000万,半年以内,1,86,0,普通,0,1,0,0
A519,50代以上,関東近郊,1200万~2000万,経験あり,セミナー,4,1,37,家賃収入,~2000万,1年以内,4,37,1,基本,0,0,0,1
A520,40代,東京都内,800万~1200万,経験あり,Web資料請求,3,0,45,資産形成,2000万~3000万,3ヶ月以内,0,33,1,基本,0,1,0,0
A521,40代,東京都内,800万~1200万,経験なし,Web資料請求,2,0,42,資産形成,~2000万,未定/情報収集,8,26,1,基本,0,1,0,0
A522,40代,関東近郊,500万~800万,経験あり,紹介,5,1,62,家賃収入,5000万~,3ヶ月以内,5,40,0,普通,0,0,0,1
A523,50代以上,関東近郊,1200万~2000万,経験なし,Web資料請求,3,0,67,税金対策,~2000万,3ヶ月以内,1,35,0,普通,0,1,0,0
A524,40代,東京都内,2000万~,経験なし,紹介,1,0,58,家賃収入,3000万~5000万,半年以内,0,8,0,詳細,0,1,0,1
A525,50代以上,その他地方,~500万,経験なし,セミナー,4,0,124,税金対策,2000万~3000万,半年以内,3,75,0,基本,0,1,0,0
A526,50代以上,東京都内,2000万~,経験なし,セミナー,3,0,13,年金対策,3000万~5000万,3ヶ月以内,6,13,1,普通,0,1,0,1
A527,50代以上,東京都内,1200万~2000万,経験あり,広告,2,0,168,家賃収入,2000万~3000万,未定/情報収集,2,10,0,詳細,0,0,0,0
A528,40代,東京都内,1200万~2000万,経験あり,広告,5,1,109,資産形成,5000万~,3ヶ月以内,4,90,1,詳細,1,0,0,1
A529,40代,東京都内,500万~800万,経験なし,Web資料請求,5,1,142,家賃収入,5000万~,未定/情報収集,2,88,0,普通,0,0,0,0
A530,40代,関東近郊,500万~800万,経験あり,Web資料請求,2,0,75,資産形成,2000万~3000万,未定/情報収集,1,6,1,普通,0,0,0,0
A531,30代,その他地方,800万~1200万,経験なし,セミナー,2,0,143,税金対策,5000万~,3ヶ月以内,10,16,0,基本,0,0,0,0
A532,40代,その他地方,800万~1200万,経験なし,紹介,3,1,177,家賃収入,~2000万,3ヶ月以内,4,34,0,詳細,0,0,0,0
A533,30代,その他地方,800万~1200万,経験あり,広告,5,0,134,資産形成,~2000万,未定/情報収集,7,83,1,普通,0,0,0,0
A534,40代,東京都内,1200万~2000万,経験なし,Web資料請求,4,1,29,資産形成,3000万~5000万,半年以内,1,10,0,詳細,1,0,1,1
A535,50代以上,東京都内,1200万~2000万,経験あり,セミナー,2,0,169,年金対策,~2000万,未定/情報収集,1,27,0,基本,0,0,1,0
A536,50代以上,その他地方,~500万,経験あり,紹介,4,0,11,資産形成,3000万~5000万,1年以内,1,3,1,詳細,0,1,0,0
A537,40代,東京都内,800万~1200万,経験なし,セミナー,4,0,56,家賃収入,2000万~3000万,1年以内,1,52,1,基本,0,0,0,0
A538,40代,東京都内,500万~800万,経験あり,紹介,5,0,9,家賃収入,~2000万,半年以内,9,9,0,普通,0,1,0,1
A539,20代,関東近郊,800万~1200万,経験なし,セミナー,1,1,44,年金対策,3000万~5000万,1年以内,10,10,0,基本,0,1,0,0
A540,40代,関東近郊,2000万~,経験あり,広告,2,0,172,税金対策,2000万~3000万,未定/情報収集,9,49,0,詳細,0,0,0,0
A541,50代以上,関東近郊,800万~1200万,経験なし,Web資料請求,2,1,151,家賃収入,2000万~3000万,半年以内,5,59,0,基本,0,0,0,0
A542,50代以上,関東近郊,500万~800万,経験なし,Web資料請求,2,0,33,家賃収入,~2000万,未定/情報収集,4,13,1,普通,0,0,0,0
A543,20代,東京都内,500万~800万,経験なし,セミナー,5,0,121,年金対策,3000万~5000万,半年以内,9,69,0,普通,0,1,1,1
A544,40代,東京都内,500万~800万,経験あり,広告,1,1,163,家賃収入,2000万~3000万,半年以内,2,42,0,詳細,0,1,0,0
A545,40代,東京都内,~500万,経験なし,Web資料請求,5,1,150,税金対策,3000万~5000万,1年以内,7,26,0,普通,0,1,0,0
A546,30代,その他地方,1200万~2000万,経験なし,Web資料請求,2,0,154,資産形成,2000万~3000万,1年以内,2,76,0,詳細,0,1,0,0
A547,30代,東京都内,500万~800万,経験なし,Web資料請求,5,0,78,資産形成,2000万~3000万,半年以内,0,7,0,基本,0,0,0,0
A548,20代,東京都内,500万~800万,経験なし,広告,1,0,128,家賃収入,2000万~3000万,1年以内,0,87,1,普通,0,1,0,0
A549,30代,東京都内,~500万,経験なし,Web資料請求,5,1,18,年金対策,~2000万,半年以内,8,0,1,詳細,1,0,0,1
A550,30代,東京都内,~500万,経験あり,Web資料請求,4,0,4,家賃収入,~2000万,3ヶ月以内,10,4,1,基本,0,1,0,0
A551,40代,関東近郊,500万~800万,経験あり,紹介,3,1,171,家賃収入,3000万~5000万,1年以内,7,54,0,詳細,0,0,0,1
A552,40代,東京都内,~500万,経験あり,セミナー,1,0,144,その他,~2000万,半年以内,9,8,1,詳細,0,0,0,0
A553,50代以上,関東近郊,500万~800万,経験あり,Web資料請求,2,1,53,家賃収入,~2000万,1年以内,10,39,0,基本,0,0,0,0
A554,30代,東京都内,500万~800万,経験あり,Web資料請求,3,0,142,資産形成,~2000万,1年以内,9,29,0,普通,0,1,0,0
A555,50代以上,東京都内,1200万~2000万,経験なし,Web資料請求,1,0,6,その他,~2000万,未定/情報収集,6,1,1,普通,0,1,0,0
A556,50代以上,その他地方,1200万~2000万,経験なし,広告,2,1,75,年金対策,~2000万,未定/情報収集,2,61,1,詳細,0,1,0,0
A557,50代以上,東京都内,2000万~,経験あり,Web資料請求,5,0,51,税金対策,~2000万,半年以内,5,0,1,詳細,0,0,0,1
A558,40代,関東近郊,800万~1200万,経験なし,広告,4,1,40,家賃収入,5000万~,1年以内,5,38,0,基本,0,0,0,0
A559,20代,その他地方,500万~800万,経験あり,Web資料請求,5,0,45,年金対策,~2000万,半年以内,2,4,1,基本,0,0,0,0
A560,50代以上,東京都内,2000万~,経験なし,紹介,1,0,48,その他,2000万~3000万,3ヶ月以内,3,10,1,基本,1,1,0,1
A561,40代,その他地方,800万~1200万,経験あり,セミナー,2,0,89,年金対策,~2000万,半年以内,9,17,1,詳細,0,0,0,1
A562,40代,東京都内,500万~800万,経験あり,紹介,1,1,45,資産形成,2000万~3000万,半年以内,3,40,1,普通,0,0,0,1
A563,40代,東京都内,800万~1200万,経験なし,Web資料請求,2,0,28,資産形成,2000万~3000万,3ヶ月以内,8,24,0,普通,0,0,0,0
A564,20代,その他地方,800万~1200万,経験なし,セミナー,4,0,118,税金対策,3000万~5000万,半年以内,4,56,0,詳細,0,0,0,0
A565,50代以上,関東近郊,1200万~2000万,経験なし,紹介,2,0,29,家賃収入,2000万~3000万,3ヶ月以内,6,15,0,詳細,1,1,0,1
A566,50代以上,その他地方,500万~800万,経験なし,Web資料請求,2,1,166,家賃収入,~2000万,半年以内,0,74,0,基本,0,0,0,0
A567,30代,東京都内,500万~800万,経験あり,紹介,4,1,25,資産形成,~2000万,3ヶ月以内,9,7,0,基本,0,0,0,1
A568,40代,関東近郊,800万~1200万,経験なし,セミナー,5,0,104,資産形成,5000万~,未定/情報収集,0,4,0,詳細,0,0,0,0
A569,50代以上,関東近郊,800万~1200万,経験なし,紹介,1,0,30,資産形成,3000万~5000万,3ヶ月以内,8,14,0,詳細,0,0,0,1
A570,40代,東京都内,~500万,経験あり,広告,2,1,131,資産形成,3000万~5000万,1年以内,7,47,0,基本,0,0,0,0
A571,50代以上,関東近郊,500万~800万,経験なし,広告,4,1,124,家賃収入,3000万~5000万,1年以内,1,86,0,普通,0,0,0,0
A572,40代,東京都内,800万~1200万,経験あり,Web資料請求,1,0,118,家賃収入,5000万~,3ヶ月以内,0,59,1,基本,0,1,0,1
A573,40代,関東近郊,1200万~2000万,経験なし,Web資料請求,5,1,138,資産形成,2000万~3000万,半年以内,7,15,0,普通,0,0,0,1
A574,40代,東京都内,500万~800万,経験あり,広告,2,0,89,資産形成,3000万~5000万,半年以内,3,43,0,普通,0,1,0,0
A575,40代,関東近郊,800万~1200万,経験あり,セミナー,4,0,129,税金対策,3000万~5000万,未定/情報収集,4,61,0,普通,0,1,0,0
A576,50代以上,東京都内,500万~800万,経験あり,紹介,2,0,178,資産形成,3000万~5000万,3ヶ月以内,5,30,1,普通,1,0,0,1
A577,20代,東京都内,2000万~,経験なし,広告,5,0,120,その他,~2000万,3ヶ月以内,8,4,1,詳細,0,0,0,1
A578,30代,東京都内,2000万~,経験あり,セミナー,3,1,99,年金対策,~2000万,1年以内,3,87,0,詳細,0,0,0,1
A579,40代,東京都内,500万~800万,経験なし,Web資料請求,4,0,69,資産形成,2000万~3000万,1年以内,6,36,0,普通,0,0,1,0
A580,30代,東京都内,500万~800万,経験あり,Web資料請求,2,1,65,家賃収入,3000万~5000万,半年以内,3,26,1,基本,0,0,0,1
A581,50代以上,関東近郊,500万~800万,経験なし,セミナー,1,1,158,家賃収入,3000万~5000万,1年以内,0,49,0,基本,0,0,0,0
A582,20代,その他地方,500万~800万,経験あり,セミナー,4,1,41,家賃収入,3000万~5000万,半年以内,3,36,0,普通,0,0,1,1
A583,50代以上,東京都内,800万~1200万,経験なし,広告,5,1,83,資産形成,2000万~3000万,半年以内,7,66,1,普通,0,1,0,1
A584,50代以上,関東近郊,1200万~2000万,経験あり,Web資料請求,3,1,164,年金対策,3000万~5000万,未定/情報収集,5,51,0,普通,0,0,0,0
A585,50代以上,関東近郊,800万~1200万,経験なし,Web資料請求,4,0,18,税金対策,5000万~,3ヶ月以内,0,12,1,基本,0,0,0,0
A586,50代以上,東京都内,2000万~,経験あり,Web資料請求,5,0,127,資産形成,~2000万,3ヶ月以内,8,44,1,詳細,0,1,0,1
A587,40代,関東近郊,1200万~2000万,経験あり,セミナー,3,0,126,資産形成,5000万~,未定/情報収集,6,85,0,基本,0,1,0,1
A588,50代以上,東京都内,500万~800万,経験なし,広告,1,0,24,年金対策,2000万~3000万,1年以内,5,23,1,普通,0,0,0,0
A589,50代以上,東京都内,500万~800万,経験なし,セミナー,4,0,26,資産形成,3000万~5000万,1年以内,3,25,1,基本,0,0,0,0
A590,40代,東京都内,~500万,経験なし,紹介,1,1,10,資産形成,2000万~3000万,3ヶ月以内,6,10,0,普通,0,0,0,1
A591,40代,関東近郊,2000万~,経験なし,セミナー,4,0,55,資産形成,~2000万,3ヶ月以内,4,11,0,基本,0,0,0,0
A592,30代,東京都内,800万~1200万,経験なし,広告,4,0,95,家賃収入,3000万~5000万,1年以内,5,46,0,基本,0,0,0,0
A593,30代,東京都内,800万~1200万,経験なし,Web資料請求,3,0,149,家賃収入,3000万~5000万,半年以内,7,19,0,基本,0,1,0,0
A594,40代,東京都内,500万~800万,経験あり,Web資料請求,5,0,118,資産形成,~2000万,1年以内,1,72,0,詳細,0,1,0,0
A595,40代,関東近郊,500万~800万,経験あり,紹介,5,0,157,家賃収入,2000万~3000万,未定/情報収集,2,84,0,普通,0,1,0,1
A596,40代,関東近郊,2000万~,経験なし,広告,5,0,111,資産形成,2000万~3000万,未定/情報収集,1,84,1,普通,0,1,0,0
A597,50代以上,東京都内,~500万,経験なし,紹介,5,0,60,資産形成,~2000万,未定/情報収集,6,46,1,普通,0,1,0,1
A598,50代以上,その他地方,2000万~,経験なし,Web資料請求,3,0,37,税金対策,2000万~3000万,1年以内,0,11,0,基本,0,0,0,0
A599,40代,東京都内,2000万~,経験なし,広告,1,1,157,家賃収入,~2000万,半年以内,6,47,1,基本,0,1,0,1
A600,50代以上,関東近郊,2000万~,経験なし,Web資料請求,4,0,24,家賃収入,~2000万,半年以内,5,15,1,普通,0,1,0,0
A601,40代,関東近郊,800万~1200万,経験なし,広告,4,0,156,資産形成,2000万~3000万,未定/情報収集,9,1,0,基本,0,1,0,0
A602,50代以上,東京都内,1200万~2000万,経験あり,紹介,3,0,46,家賃収入,3000万~5000万,未定/情報収集,3,43,0,普通,0,0,0,0
A603,50代以上,その他地方,800万~1200万,経験あり,セミナー,5,0,47,資産形成,2000万~3000万,半年以内,3,40,0,基本,0,1,0,0
A604,50代以上,その他地方,500万~800万,経験なし,Web資料請求,3,0,162,税金対策,~2000万,3ヶ月以内,8,71,0,普通,0,1,0,0
A605,50代以上,関東近郊,800万~1200万,経験あり,セミナー,2,0,173,家賃収入,3000万~5000万,半年以内,5,53,1,詳細,0,0,0,0
A606,50代以上,東京都内,500万~800万,経験なし,広告,2,1,104,その他,2000万~3000万,半年以内,4,34,0,詳細,0,0,0,0
A607,40代,東京都内,500万~800万,経験なし,Web資料請求,1,0,61,資産形成,~2000万,半年以内,3,56,1,基本,1,1,1,1
A608,40代,東京都内,500万~800万,経験なし,広告,5,0,115,年金対策,3000万~5000万,1年以内,3,39,1,詳細,0,0,0,0
A609,30代,その他地方,500万~800万,経験なし,Web資料請求,5,1,30,税金対策,~2000万,半年以内,4,21,1,基本,0,1,0,0
A610,30代,東京都内,~500万,経験あり,セミナー,5,0,99,家賃収入,3000万~5000万,未定/情報収集,6,47,0,普通,0,0,0,0
A611,40代,東京都内,500万~800万,経験あり,Web資料請求,2,1,10,資産形成,~2000万,半年以内,0,8,0,基本,0,0,0,0
A612,50代以上,東京都内,~500万,経験なし,セミナー,3,0,89,その他,5000万~,半年以内,1,31,0,基本,0,0,0,0
A613,40代,関東近郊,800万~1200万,経験あり,Web資料請求,1,0,10,家賃収入,2000万~3000万,未定/情報収集,2,1,0,基本,0,1,0,0
A614,40代,東京都内,500万~800万,経験なし,Web資料請求,1,0,114,資産形成,3000万~5000万,半年以内,4,24,1,基本,0,1,0,0
A615,30代,東京都内,1200万~2000万,経験あり,Web資料請求,5,0,88,家賃収入,2000万~3000万,半年以内,2,81,1,普通,0,0,0,1
A616,50代以上,東京都内,1200万~2000万,経験なし,広告,5,1,167,資産形成,2000万~3000万,半年以内,10,12,0,基本,0,1,0,1
A617,50代以上,関東近郊,500万~800万,経験あり,広告,5,1,164,資産形成,~2000万,1年以内,2,54,0,詳細,0,1,0,0
A618,30代,関東近郊,2000万~,経験なし,Web資料請求,2,1,78,税金対策,~2000万,半年以内,3,22,0,普通,0,0,0,0
A619,30代,東京都内,800万~1200万,経験なし,Web資料請求,1,1,88,家賃収入,3000万~5000万,3ヶ月以内,6,51,1,詳細,0,1,0,1
A620,40代,関東近郊,800万~1200万,経験あり,セミナー,3,0,61,資産形成,3000万~5000万,1年以内,9,50,1,詳細,0,0,0,1
A621,40代,関東近郊,2000万~,経験あり,Web資料請求,2,1,159,家賃収入,2000万~3000万,半年以内,5,11,1,普通,0,0,0,1
A622,40代,東京都内,800万~1200万,経験あり,Web資料請求,3,0,163,家賃収入,2000万~3000万,3ヶ月以内,6,19,0,基本,0,1,0,0
A623,50代以上,東京都内,800万~1200万,経験なし,セミナー,1,0,71,家賃収入,2000万~3000万,半年以内,5,69,1,基本,0,1,0,0
A624,40代,その他地方,800万~1200万,経験なし,紹介,2,0,48,家賃収入,5000万~,未定/情報収集,8,30,1,詳細,0,1,0,1
A625,30代,東京都内,800万~1200万,経験なし,Web資料請求,5,0,154,資産形成,5000万~,3ヶ月以内,4,52,0,詳細,0,0,0,1
A626,30代,東京都内,800万~1200万,経験なし,Web資料請求,1,0,31,資産形成,5000万~,半年以内,5,5,0,詳細,0,0,0,0
A627,30代,その他地方,1200万~2000万,経験なし,Web資料請求,5,0,178,家賃収入,~2000万,半年以内,3,50,0,詳細,0,1,0,0
A628,40代,関東近郊,800万~1200万,経験なし,セミナー,1,0,103,年金対策,5000万~,3ヶ月以内,7,48,0,詳細,1,0,0,1
A629,40代,その他地方,~500万,経験あり,セミナー,1,1,159,資産形成,2000万~3000万,1年以内,8,4,1,基本,0,0,0,0
A630,30代,東京都内,800万~1200万,経験なし,Web資料請求,4,0,48,年金対策,5000万~,1年以内,7,19,0,普通,0,0,0,0
A631,40代,東京都内,500万~800万,経験なし,Web資料請求,2,0,45,資産形成,~2000万,1年以内,8,44,1,基本,1,0,0,0
A632,50代以上,東京都内,800万~1200万,経験なし,Web資料請求,4,0,51,資産形成,~2000万,1年以内,0,9,0,詳細,0,1,0,0
A633,30代,東京都内,500万~800万,経験なし,Web資料請求,1,0,51,年金対策,3000万~5000万,3ヶ月以内,6,0,0,普通,0,0,0,0
A634,20代,東京都内,1200万~2000万,経験あり,広告,1,0,173,資産形成,2000万~3000万,1年以内,1,46,0,普通,0,0,0,0
A635,30代,その他地方,800万~1200万,経験なし,セミナー,5,1,148,資産形成,2000万~3000万,3ヶ月以内,8,60,0,普通,1,0,0,1
A636,40代,東京都内,800万~1200万,経験なし,セミナー,4,0,51,家賃収入,2000万~3000万,未定/情報収集,4,25,0,基本,0,0,0,0
A637,40代,東京都内,~500万,経験なし,紹介,1,0,34,資産形成,2000万~3000万,半年以内,3,15,0,普通,0,1,0,0
A638,40代,東京都内,~500万,経験あり,広告,3,0,173,家賃収入,3000万~5000万,半年以内,1,82,0,普通,0,0,1,0
A639,50代以上,東京都内,500万~800万,経験なし,セミナー,2,0,64,資産形成,3000万~5000万,1年以内,8,12,0,詳細,1,0,0,1
A640,50代以上,その他地方,800万~1200万,経験なし,Web資料請求,2,0,178,家賃収入,3000万~5000万,半年以内,0,48,0,詳細,0,1,0,0
A641,50代以上,その他地方,500万~800万,経験なし,紹介,4,0,54,資産形成,2000万~3000万,1年以内,3,33,1,詳細,0,0,0,0
A642,50代以上,東京都内,1200万~2000万,経験なし,セミナー,4,0,86,資産形成,2000万~3000万,1年以内,5,83,0,普通,0,0,0,0
A643,40代,関東近郊,~500万,経験なし,セミナー,1,0,134,税金対策,2000万~3000万,1年以内,8,81,0,基本,0,1,1,0
A644,40代,関東近郊,~500万,経験あり,広告,1,0,43,資産形成,~2000万,半年以内,4,35,1,普通,0,0,0,0
A645,40代,東京都内,~500万,経験なし,Web資料請求,1,0,50,年金対策,3000万~5000万,3ヶ月以内,4,9,1,基本,0,1,0,1
A646,40代,東京都内,2000万~,経験なし,Web資料請求,3,0,171,家賃収入,3000万~5000万,3ヶ月以内,2,25,0,普通,0,1,0,1
A647,40代,東京都内,1200万~2000万,経験あり,紹介,5,1,165,年金対策,~2000万,1年以内,4,57,1,基本,0,1,0,1
A648,40代,関東近郊,2000万~,経験なし,紹介,1,0,110,年金対策,5000万~,未定/情報収集,5,20,1,詳細,1,0,0,1
A649,20代,東京都内,2000万~,経験なし,セミナー,3,0,168,税金対策,2000万~3000万,3ヶ月以内,5,44,1,普通,0,1,0,1
A650,30代,東京都内,800万~1200万,経験あり,Web資料請求,3,1,17,資産形成,~2000万,1年以内,10,3,0,普通,0,0,0,1
A651,30代,東京都内,800万~1200万,経験なし,紹介,4,0,31,資産形成,~2000万,未定/情報収集,1,27,1,普通,0,0,0,0
A652,40代,東京都内,500万~800万,経験なし,Web資料請求,3,0,15,家賃収入,5000万~,1年以内,6,5,1,普通,0,1,0,0
A653,30代,関東近郊,800万~1200万,経験あり,広告,5,0,15,家賃収入,3000万~5000万,半年以内,5,12,1,普通,0,0,1,1
A654,30代,東京都内,500万~800万,経験あり,広告,1,0,176,資産形成,3000万~5000万,未定/情報収集,0,80,0,普通,1,0,1,0
A655,30代,関東近郊,~500万,経験あり,Web資料請求,3,0,23,資産形成,5000万~,未定/情報収集,8,12,0,普通,0,0,0,0
A656,40代,関東近郊,800万~1200万,経験なし,Web資料請求,1,0,53,資産形成,2000万~3000万,3ヶ月以内,4,2,1,普通,0,1,0,0
A657,40代,東京都内,1200万~2000万,経験あり,広告,3,0,130,資産形成,3000万~5000万,未定/情報収集,7,80,0,普通,0,0,0,0
A658,40代,関東近郊,1200万~2000万,経験あり,Web資料請求,3,1,39,家賃収入,2000万~3000万,半年以内,1,31,1,詳細,0,1,0,1
A659,50代以上,東京都内,800万~1200万,経験なし,広告,3,0,114,税金対策,~2000万,未定/情報収集,0,29,0,基本,0,0,0,0
A660,40代,東京都内,800万~1200万,経験あり,セミナー,5,0,33,家賃収入,~2000万,1年以内,5,4,0,詳細,0,0,0,0
A661,40代,その他地方,500万~800万,経験なし,Web資料請求,3,0,100,資産形成,2000万~3000万,1年以内,0,47,0,普通,0,0,0,0
A662,30代,東京都内,1200万~2000万,経験なし,紹介,3,0,56,資産形成,2000万~3000万,3ヶ月以内,5,26,1,基本,0,0,0,1
A663,50代以上,東京都内,800万~1200万,経験なし,紹介,1,0,85,資産形成,2000万~3000万,1年以内,8,19,1,普通,1,0,0,1
A664,40代,関東近郊,800万~1200万,経験なし,紹介,4,1,56,その他,2000万~3000万,未定/情報収集,6,53,1,普通,0,0,0,1
A665,40代,東京都内,1200万~2000万,経験あり,Web資料請求,5,0,117,資産形成,~2000万,半年以内,5,35,0,基本,0,0,0,0
A666,40代,東京都内,800万~1200万,経験あり,広告,4,1,142,資産形成,2000万~3000万,1年以内,2,54,0,基本,0,1,0,0
A667,50代以上,その他地方,500万~800万,経験なし,紹介,1,0,59,家賃収入,3000万~5000万,3ヶ月以内,3,52,0,普通,0,0,0,0
A668,30代,その他地方,1200万~2000万,経験あり,紹介,4,1,78,税金対策,~2000万,3ヶ月以内,10,33,0,普通,0,0,0,1
A669,50代以上,その他地方,1200万~2000万,経験なし,紹介,3,1,124,その他,2000万~3000万,未定/情報収集,4,81,0,詳細,0,1,0,0
A670,30代,その他地方,800万~1200万,経験なし,Web資料請求,2,0,24,資産形成,2000万~3000万,3ヶ月以内,1,20,0,普通,1,1,0,1
A671,50代以上,東京都内,800万~1200万,経験なし,セミナー,2,0,33,家賃収入,2000万~3000万,3ヶ月以内,2,19,0,普通,1,1,0,1
A672,50代以上,関東近郊,800万~1200万,経験あり,紹介,3,0,61,家賃収入,3000万~5000万,1年以内,0,0,0,詳細,0,0,0,1
A673,40代,東京都内,500万~800万,経験なし,紹介,5,0,34,税金対策,3000万~5000万,半年以内,4,4,0,普通,0,0,0,0
A674,30代,東京都内,800万~1200万,経験なし,Web資料請求,3,0,33,家賃収入,~2000万,3ヶ月以内,1,19,0,詳細,0,0,0,0
A675,40代,関東近郊,1200万~2000万,経験なし,Web資料請求,1,0,144,資産形成,3000万~5000万,半年以内,0,1,1,普通,0,1,0,0
A676,30代,東京都内,800万~1200万,経験なし,広告,5,0,131,資産形成,3000万~5000万,1年以内,7,51,0,基本,0,0,1,1
A677,20代,東京都内,500万~800万,経験あり,セミナー,1,1,34,年金対策,3000万~5000万,3ヶ月以内,8,18,1,詳細,0,0,0,1
A678,40代,関東近郊,1200万~2000万,経験あり,Web資料請求,5,0,141,資産形成,~2000万,3ヶ月以内,1,20,0,詳細,0,0,0,0
A679,50代以上,その他地方,2000万~,経験なし,Web資料請求,2,1,174,資産形成,2000万~3000万,半年以内,2,53,0,基本,0,0,0,0
A680,50代以上,東京都内,~500万,経験なし,広告,5,0,141,家賃収入,3000万~5000万,3ヶ月以内,3,65,1,詳細,0,0,0,0
A681,40代,その他地方,500万~800万,経験なし,広告,3,0,110,資産形成,2000万~3000万,半年以内,4,12,1,普通,1,0,0,1
A682,50代以上,東京都内,500万~800万,経験あり,広告,2,1,62,資産形成,2000万~3000万,未定/情報収集,7,29,0,普通,0,0,0,0
A683,40代,東京都内,~500万,経験なし,セミナー,3,1,7,資産形成,2000万~3000万,未定/情報収集,2,5,0,基本,0,1,0,0
A684,40代,東京都内,500万~800万,経験なし,セミナー,4,0,87,家賃収入,5000万~,半年以内,8,21,0,基本,0,0,1,1
A685,40代,東京都内,800万~1200万,経験なし,紹介,2,0,24,資産形成,2000万~3000万,半年以内,2,3,0,詳細,0,1,0,0
A686,30代,関東近郊,500万~800万,経験あり,紹介,2,0,0,資産形成,2000万~3000万,3ヶ月以内,2,0,0,基本,0,0,0,1
A687,40代,東京都内,800万~1200万,経験なし,広告,5,0,62,その他,5000万~,3ヶ月以内,1,13,0,詳細,0,0,0,0
A688,30代,東京都内,1200万~2000万,経験なし,セミナー,4,0,35,年金対策,~2000万,半年以内,9,22,1,普通,0,1,0,1
A689,50代以上,関東近郊,800万~1200万,経験なし,Web資料請求,3,0,151,年金対策,~2000万,1年以内,0,44,0,普通,0,0,0,0
A690,30代,東京都内,800万~1200万,経験あり,広告,5,0,7,資産形成,2000万~3000万,未定/情報収集,8,5,1,普通,0,0,0,1
A691,40代,東京都内,1200万~2000万,経験なし,Web資料請求,3,0,124,資産形成,3000万~5000万,1年以内,5,79,1,基本,0,1,0,0
A692,50代以上,東京都内,500万~800万,経験あり,広告,4,0,55,資産形成,5000万~,1年以内,4,37,1,普通,0,0,0,0
A693,50代以上,東京都内,800万~1200万,経験なし,セミナー,3,1,112,資産形成,3000万~5000万,半年以内,10,79,1,詳細,0,1,0,1
A694,40代,東京都内,1200万~2000万,経験あり,Web資料請求,4,0,14,年金対策,5000万~,3ヶ月以内,4,11,1,基本,0,0,0,1
A695,50代以上,関東近郊,~500万,経験あり,広告,5,0,165,資産形成,~2000万,3ヶ月以内,7,88,0,基本,0,1,0,0
A696,40代,東京都内,500万~800万,経験なし,広告,2,1,101,家賃収入,2000万~3000万,半年以内,10,61,0,普通,1,0,0,1
A697,50代以上,東京都内,1200万~2000万,経験なし,Web資料請求,1,0,6,資産形成,2000万~3000万,3ヶ月以内,7,1,0,基本,0,0,0,0
A698,50代以上,東京都内,500万~800万,経験なし,Web資料請求,3,0,139,資産形成,~2000万,1年以内,0,86,0,普通,0,0,0,0
A699,40代,その他地方,1200万~2000万,経験あり,Web資料請求,2,0,108,家賃収入,~2000万,1年以内,7,75,0,基本,0,0,0,0
A700,50代以上,東京都内,~500万,経験あり,セミナー,5,1,119,資産形成,2000万~3000万,1年以内,3,13,0,詳細,0,1,0,0
A701,30代,東京都内,800万~1200万,経験なし,紹介,5,0,103,家賃収入,2000万~3000万,1年以内,4,83,0,普通,0,0,0,0
A702,40代,関東近郊,800万~1200万,経験あり,セミナー,4,1,70,資産形成,5000万~,半年以内,5,27,1,普通,0,1,0,1
A703,40代,関東近郊,500万~800万,経験なし,Web資料請求,1,0,8,税金対策,5000万~,3ヶ月以内,10,2,0,基本,0,1,0,0
A704,30代,関東近郊,1200万~2000万,経験あり,広告,3,0,29,税金対策,2000万~3000万,1年以内,4,26,0,基本,0,0,0,0
A705,50代以上,東京都内,800万~1200万,経験なし,Web資料請求,5,0,110,税金対策,5000万~,半年以内,0,84,1,基本,0,0,0,0
A706,40代,東京都内,800万~1200万,経験あり,Web資料請求,4,0,59,資産形成,3000万~5000万,1年以内,7,44,0,普通,0,1,0,1
A707,40代,東京都内,800万~1200万,経験なし,Web資料請求,3,1,100,税金対策,5000万~,3ヶ月以内,0,3,0,詳細,0,0,0,1
A708,30代,関東近郊,2000万~,経験あり,セミナー,5,0,111,家賃収入,2000万~3000万,1年以内,2,81,0,詳細,0,1,0,1
A709,50代以上,東京都内,~500万,経験なし,広告,3,0,111,資産形成,3000万~5000万,半年以内,10,76,1,普通,0,0,0,0
A710,50代以上,関東近郊,800万~1200万,経験あり,セミナー,4,0,133,家賃収入,3000万~5000万,半年以内,7,58,0,普通,0,0,0,0
A711,40代,関東近郊,2000万~,経験なし,紹介,1,1,93,資産形成,2000万~3000万,半年以内,8,59,1,詳細,0,0,0,1
A712,50代以上,東京都内,800万~1200万,経験なし,広告,4,1,93,家賃収入,2000万~3000万,1年以内,2,44,1,詳細,0,0,0,0
A713,40代,関東近郊,1200万~2000万,経験なし,Web資料請求,2,1,92,家賃収入,2000万~3000万,3ヶ月以内,7,87,1,普通,0,0,0,1
A714,20代,関東近郊,500万~800万,経験なし,広告,4,1,84,資産形成,2000万~3000万,1年以内,4,28,0,普通,0,0,1,0
A715,30代,東京都内,2000万~,経験あり,セミナー,5,0,111,資産形成,3000万~5000万,1年以内,2,50,0,普通,0,0,0,1
A716,50代以上,東京都内,1200万~2000万,経験なし,Web資料請求,5,0,27,家賃収入,5000万~,3ヶ月以内,5,25,1,基本,0,0,0,1
A717,20代,東京都内,800万~1200万,経験なし,セミナー,1,1,18,資産形成,3000万~5000万,半年以内,4,4,0,普通,0,0,1,1
A718,40代,東京都内,500万~800万,経験なし,セミナー,4,1,26,税金対策,2000万~3000万,半年以内,9,26,0,詳細,0,0,0,1
A719,50代以上,東京都内,~500万,経験なし,セミナー,3,0,96,年金対策,5000万~,1年以内,9,1,0,普通,0,0,0,1
A720,50代以上,東京都内,1200万~2000万,経験なし,Web資料請求,1,0,116,家賃収入,2000万~3000万,1年以内,7,14,1,詳細,0,0,0,0
A721,30代,その他地方,500万~800万,経験あり,Web資料請求,2,0,8,資産形成,3000万~5000万,半年以内,1,3,1,普通,0,0,0,0
A722,40代,その他地方,~500万,経験なし,広告,3,0,148,家賃収入,~2000万,3ヶ月以内,10,53,0,普通,0,0,0,0
A723,50代以上,東京都内,800万~1200万,経験なし,Web資料請求,4,1,89,資産形成,3000万~5000万,3ヶ月以内,0,56,1,基本,0,1,0,0
A724,50代以上,東京都内,800万~1200万,経験なし,広告,2,0,109,税金対策,2000万~3000万,1年以内,0,46,1,基本,0,0,0,0
A725,50代以上,その他地方,800万~1200万,経験あり,Web資料請求,2,0,70,資産形成,3000万~5000万,1年以内,9,54,0,普通,0,1,0,0
A726,40代,関東近郊,1200万~2000万,経験なし,Web資料請求,4,1,62,資産形成,5000万~,未定/情報収集,9,24,1,普通,0,0,0,1
A727,40代,東京都内,1200万~2000万,経験あり,紹介,4,0,30,税金対策,3000万~5000万,未定/情報収集,3,28,0,基本,0,0,0,1
A728,30代,東京都内,800万~1200万,経験あり,紹介,5,0,141,税金対策,3000万~5000万,3ヶ月以内,1,11,0,普通,0,0,0,0
A729,40代,関東近郊,1200万~2000万,経験なし,紹介,2,1,7,家賃収入,3000万~5000万,未定/情報収集,10,2,1,詳細,0,0,0,1
A730,30代,東京都内,~500万,経験あり,Web資料請求,4,0,7,資産形成,3000万~5000万,3ヶ月以内,3,3,0,普通,0,0,0,0
A731,20代,関東近郊,500万~800万,経験あり,紹介,1,0,0,資産形成,2000万~3000万,半年以内,7,0,0,詳細,0,0,0,0
A732,30代,関東近郊,1200万~2000万,経験あり,セミナー,1,0,99,家賃収入,2000万~3000万,半年以内,7,49,0,詳細,0,0,0,0
A733,40代,関東近郊,500万~800万,経験あり,紹介,5,1,161,資産形成,5000万~,1年以内,1,66,0,基本,0,1,0,1
A734,40代,その他地方,800万~1200万,経験あり,Web資料請求,3,0,73,資産形成,3000万~5000万,1年以内,7,23,0,普通,0,1,0,1
A735,50代以上,関東近郊,800万~1200万,経験なし,Web資料請求,3,1,36,資産形成,~2000万,未定/情報収集,7,18,1,普通,0,1,0,1
A736,40代,その他地方,800万~1200万,経験あり,Web資料請求,3,0,51,その他,5000万~,半年以内,3,46,0,基本,1,0,0,1
A737,30代,その他地方,~500万,経験あり,Web資料請求,1,1,163,資産形成,2000万~3000万,3ヶ月以内,7,44,1,基本,0,1,0,0
A738,40代,その他地方,2000万~,経験なし,Web資料請求,2,0,172,家賃収入,3000万~5000万,3ヶ月以内,2,49,1,普通,0,0,0,1
A739,50代以上,関東近郊,1200万~2000万,経験なし,Web資料請求,2,0,108,年金対策,5000万~,1年以内,6,84,1,普通,0,1,0,1
A740,50代以上,東京都内,1200万~2000万,経験あり,Web資料請求,5,1,1,資産形成,2000万~3000万,半年以内,5,0,1,普通,0,1,0,1
A741,30代,東京都内,800万~1200万,経験あり,広告,1,0,161,家賃収入,5000万~,未定/情報収集,2,17,0,詳細,0,1,0,0
A742,40代,東京都内,800万~1200万,経験なし,セミナー,5,1,14,資産形成,2000万~3000万,1年以内,9,5,0,基本,0,1,0,1
A743,30代,関東近郊,500万~800万,経験あり,Web資料請求,3,0,126,資産形成,2000万~3000万,未定/情報収集,1,70,1,普通,0,1,0,0
A744,50代以上,その他地方,800万~1200万,経験あり,Web資料請求,3,0,171,年金対策,3000万~5000万,未定/情報収集,4,79,1,詳細,0,1,0,0
A745,20代,その他地方,500万~800万,経験あり,セミナー,5,1,152,資産形成,2000万~3000万,1年以内,8,5,0,普通,0,1,0,1
A746,50代以上,その他地方,800万~1200万,経験なし,Web資料請求,3,1,71,資産形成,2000万~3000万,1年以内,5,45,0,基本,0,0,0,0
A747,40代,東京都内,800万~1200万,経験なし,Web資料請求,1,0,122,資産形成,~2000万,未定/情報収集,0,18,0,詳細,0,1,0,0
A748,30代,関東近郊,1200万~2000万,経験あり,Web資料請求,1,0,68,年金対策,5000万~,未定/情報収集,1,39,1,基本,0,0,0,0
A749,50代以上,東京都内,2000万~,経験あり,Web資料請求,1,0,154,資産形成,2000万~3000万,1年以内,7,70,1,普通,0,0,0,1
A750,50代以上,東京都内,800万~1200万,経験なし,セミナー,2,0,43,年金対策,3000万~5000万,3ヶ月以内,8,8,1,普通,0,1,0,1
A751,50代以上,関東近郊,800万~1200万,経験あり,広告,5,0,78,その他,2000万~3000万,半年以内,7,46,0,普通,0,1,0,0
A752,40代,関東近郊,2000万~,経験なし,セミナー,3,1,145,家賃収入,~2000万,1年以内,0,6,1,普通,0,0,0,1
A753,40代,東京都内,2000万~,経験なし,広告,1,0,59,資産形成,2000万~3000万,1年以内,6,30,0,詳細,0,1,0,0
A754,50代以上,関東近郊,500万~800万,経験あり,広告,1,0,168,年金対策,~2000万,半年以内,4,3,0,基本,0,0,1,0
A755,30代,その他地方,500万~800万,経験なし,Web資料請求,1,1,51,資産形成,5000万~,未定/情報収集,8,36,0,詳細,0,1,0,0
A756,40代,東京都内,500万~800万,経験なし,広告,4,0,139,資産形成,~2000万,半年以内,9,57,1,普通,1,0,0,1
A757,40代,東京都内,800万~1200万,経験あり,紹介,5,0,102,税金対策,3000万~5000万,1年以内,4,48,0,基本,0,1,0,1
A758,30代,その他地方,500万~800万,経験あり,Web資料請求,5,0,69,家賃収入,3000万~5000万,半年以内,1,45,0,基本,1,0,0,0
A759,30代,東京都内,500万~800万,経験あり,紹介,4,0,13,家賃収入,3000万~5000万,1年以内,1,2,1,詳細,0,0,0,1
A760,50代以上,東京都内,800万~1200万,経験なし,広告,3,0,77,家賃収入,3000万~5000万,3ヶ月以内,6,54,1,基本,0,0,0,0
A761,40代,東京都内,2000万~,経験あり,紹介,1,1,46,資産形成,2000万~3000万,半年以内,6,11,1,詳細,0,0,0,1
A762,50代以上,東京都内,~500万,経験なし,Web資料請求,3,0,103,資産形成,2000万~3000万,3ヶ月以内,0,20,1,普通,0,0,0,0
A763,30代,東京都内,800万~1200万,経験なし,紹介,4,0,78,資産形成,2000万~3000万,未定/情報収集,0,25,1,基本,0,0,0,0
A764,30代,東京都内,800万~1200万,経験あり,Web資料請求,4,0,111,年金対策,2000万~3000万,半年以内,9,43,1,普通,0,1,0,1
A765,40代,関東近郊,500万~800万,経験あり,紹介,1,0,50,家賃収入,3000万~5000万,3ヶ月以内,9,18,0,基本,0,1,0,0
A766,30代,東京都内,500万~800万,経験あり,広告,5,0,79,資産形成,2000万~3000万,半年以内,6,1,0,普通,0,0,0,0
A767,30代,東京都内,500万~800万,経験なし,紹介,4,1,150,家賃収入,3000万~5000万,半年以内,6,19,1,普通,0,1,0,1
A768,40代,東京都内,~500万,経験あり,Web資料請求,5,0,86,税金対策,3000万~5000万,1年以内,4,10,0,詳細,0,0,0,0
A769,30代,関東近郊,800万~1200万,経験あり,セミナー,1,1,83,その他,3000万~5000万,半年以内,5,48,0,詳細,0,0,0,1
A770,30代,関東近郊,500万~800万,経験なし,Web資料請求,1,0,63,資産形成,2000万~3000万,半年以内,2,40,1,基本,0,0,0,0
A771,30代,東京都内,500万~800万,経験あり,広告,3,1,134,家賃収入,5000万~,1年以内,4,71,1,基本,0,0,0,1
A772,40代,東京都内,800万~1200万,経験なし,Web資料請求,4,0,52,家賃収入,2000万~3000万,半年以内,7,6,1,詳細,0,0,0,1
A773,30代,関東近郊,2000万~,経験なし,Web資料請求,2,0,120,家賃収入,2000万~3000万,1年以内,2,53,1,詳細,0,0,0,0
A774,40代,東京都内,500万~800万,経験なし,広告,3,0,161,資産形成,5000万~,1年以内,8,51,0,詳細,0,0,0,0
A775,40代,東京都内,500万~800万,経験なし,Web資料請求,4,1,108,家賃収入,3000万~5000万,半年以内,10,15,0,基本,0,1,0,0
A776,30代,その他地方,800万~1200万,経験あり,Web資料請求,5,0,57,資産形成,~2000万,半年以内,3,28,1,基本,0,0,0,0
A777,40代,その他地方,500万~800万,経験なし,セミナー,2,0,10,税金対策,5000万~,未定/情報収集,6,2,1,詳細,0,0,0,0
A778,40代,その他地方,800万~1200万,経験なし,紹介,4,0,136,資産形成,3000万~5000万,3ヶ月以内,10,79,0,基本,0,0,0,1
A779,40代,関東近郊,~500万,経験なし,Web資料請求,2,1,95,資産形成,3000万~5000万,3ヶ月以内,5,14,0,基本,0,0,0,0
A780,30代,関東近郊,1200万~2000万,経験なし,セミナー,5,1,86,家賃収入,~2000万,1年以内,5,14,1,普通,0,1,0,1
A781,30代,東京都内,2000万~,経験なし,セミナー,2,1,126,その他,5000万~,半年以内,7,16,1,普通,1,1,0,1
A782,50代以上,東京都内,2000万~,経験あり,Web資料請求,1,0,96,家賃収入,2000万~3000万,3ヶ月以内,1,51,1,普通,0,1,0,0
A783,40代,東京都内,800万~1200万,経験あり,セミナー,2,0,135,家賃収入,2000万~3000万,未定/情報収集,6,66,0,基本,0,1,1,1
A784,20代,東京都内,800万~1200万,経験なし,広告,1,0,55,税金対策,3000万~5000万,1年以内,5,12,0,基本,0,1,0,0
A785,20代,東京都内,800万~1200万,経験あり,紹介,3,0,42,税金対策,2000万~3000万,半年以内,9,40,0,基本,0,0,0,0
A786,40代,東京都内,2000万~,経験あり,Web資料請求,5,1,70,資産形成,~2000万,3ヶ月以内,7,20,1,普通,0,0,0,1
A787,30代,その他地方,800万~1200万,経験なし,広告,4,0,123,家賃収入,3000万~5000万,未定/情報収集,3,72,0,詳細,0,0,0,0
A788,30代,関東近郊,~500万,経験あり,紹介,4,0,121,資産形成,5000万~,未定/情報収集,3,60,1,基本,0,0,0,0
A789,40代,東京都内,800万~1200万,経験あり,広告,2,0,34,資産形成,2000万~3000万,半年以内,7,33,0,基本,0,1,0,1
A790,30代,関東近郊,500万~800万,経験なし,Web資料請求,5,0,40,資産形成,2000万~3000万,1年以内,7,16,0,詳細,0,0,0,0
A791,50代以上,東京都内,800万~1200万,経験なし,広告,2,0,43,税金対策,2000万~3000万,未定/情報収集,1,17,1,普通,1,1,0,1
A792,40代,東京都内,500万~800万,経験なし,紹介,5,0,53,資産形成,~2000万,半年以内,10,2,0,基本,0,0,0,1
A793,30代,その他地方,500万~800万,経験なし,紹介,5,1,64,資産形成,5000万~,半年以内,6,38,0,詳細,0,1,0,1
A794,30代,東京都内,2000万~,経験あり,Web資料請求,4,0,61,税金対策,3000万~5000万,半年以内,5,38,1,普通,0,1,0,1
A795,50代以上,東京都内,800万~1200万,経験なし,セミナー,2,0,166,年金対策,~2000万,1年以内,0,62,1,普通,0,0,0,0
A796,50代以上,東京都内,800万~1200万,経験なし,セミナー,5,1,179,資産形成,5000万~,3ヶ月以内,7,45,0,詳細,0,1,0,1
A797,40代,東京都内,800万~1200万,経験なし,紹介,3,0,150,年金対策,~2000万,1年以内,10,18,0,詳細,0,1,0,1
A798,40代,その他地方,800万~1200万,経験なし,Web資料請求,1,1,10,資産形成,~2000万,未定/情報収集,1,7,0,詳細,1,0,0,0
A799,30代,東京都内,1200万~2000万,経験あり,セミナー,5,0,78,資産形成,3000万~5000万,3ヶ月以内,8,36,0,普通,0,0,0,1
A800,50代以上,東京都内,800万~1200万,経験あり,Web資料請求,1,0,156,家賃収入,~2000万,3ヶ月以内,4,61,1,詳細,0,0,0,0
A801,50代以上,東京都内,1200万~2000万,経験あり,Web資料請求,5,1,83,資産形成,5000万~,3ヶ月以内,10,66,1,普通,0,0,0,1
A802,50代以上,関東近郊,~500万,経験なし,紹介,2,1,132,年金対策,3000万~5000万,3ヶ月以内,2,74,0,普通,0,1,0,1
A803,40代,東京都内,~500万,経験なし,紹介,4,0,68,税金対策,~2000万,半年以内,5,43,0,普通,0,0,0,0
A804,20代,関東近郊,1200万~2000万,経験なし,広告,4,0,130,家賃収入,5000万~,半年以内,8,87,1,基本,0,0,0,1
A805,40代,関東近郊,2000万~,経験なし,広告,2,1,82,家賃収入,~2000万,半年以内,8,28,0,基本,0,1,0,0
A806,50代以上,関東近郊,800万~1200万,経験なし,広告,4,0,178,資産形成,3000万~5000万,1年以内,4,86,1,詳細,0,0,0,0
A807,30代,東京都内,1200万~2000万,経験なし,セミナー,3,0,163,資産形成,2000万~3000万,1年以内,1,27,0,基本,0,0,0,0
A808,30代,東京都内,500万~800万,経験あり,広告,1,1,157,資産形成,2000万~3000万,1年以内,4,89,1,詳細,0,0,0,0
A809,30代,東京都内,1200万~2000万,経験なし,広告,3,0,68,資産形成,5000万~,半年以内,3,12,0,普通,0,1,0,1
A810,40代,東京都内,800万~1200万,経験なし,Web資料請求,3,1,102,資産形成,3000万~5000万,1年以内,7,22,1,普通,1,0,0,1
A811,40代,関東近郊,500万~800万,経験あり,広告,1,0,45,資産形成,3000万~5000万,半年以内,7,33,0,基本,0,1,0,0
A812,30代,東京都内,~500万,経験あり,広告,2,1,75,資産形成,2000万~3000万,3ヶ月以内,7,6,0,基本,0,1,0,1
A813,30代,その他地方,500万~800万,経験なし,広告,2,1,138,家賃収入,3000万~5000万,1年以内,2,26,0,普通,1,1,0,1
A814,40代,東京都内,1200万~2000万,経験なし,セミナー,4,0,60,税金対策,~2000万,未定/情報収集,6,37,1,詳細,0,1,0,1
A815,40代,その他地方,800万~1200万,経験あり,セミナー,2,1,137,税金対策,2000万~3000万,3ヶ月以内,3,18,0,基本,0,1,0,0
A816,20代,その他地方,~500万,経験なし,セミナー,1,1,59,資産形成,~2000万,未定/情報収集,10,46,0,基本,0,1,0,0
A817,50代以上,東京都内,2000万~,経験なし,紹介,3,0,98,資産形成,2000万~3000万,半年以内,5,17,1,基本,0,1,0,1
A818,30代,その他地方,~500万,経験あり,紹介,1,0,6,税金対策,2000万~3000万,1年以内,10,2,0,普通,0,1,0,1
A819,50代以上,東京都内,2000万~,経験なし,Web資料請求,5,0,148,資産形成,3000万~5000万,3ヶ月以内,1,60,1,普通,0,0,0,1
A820,40代,関東近郊,500万~800万,経験あり,紹介,4,0,6,資産形成,~2000万,1年以内,5,0,0,普通,0,0,0,0
A821,40代,東京都内,500万~800万,経験なし,Web資料請求,5,1,63,資産形成,~2000万,未定/情報収集,1,52,1,詳細,0,1,0,0
A822,40代,東京都内,800万~1200万,経験なし,紹介,5,0,146,資産形成,5000万~,未定/情報収集,6,53,0,普通,0,0,0,1
A823,30代,東京都内,500万~800万,経験あり,Web資料請求,2,0,68,その他,~2000万,半年以内,0,36,0,普通,0,1,0,0
A824,40代,関東近郊,500万~800万,経験あり,Web資料請求,2,0,88,家賃収入,2000万~3000万,3ヶ月以内,6,18,1,詳細,0,0,0,0
A825,50代以上,東京都内,800万~1200万,経験なし,広告,3,0,133,家賃収入,2000万~3000万,半年以内,8,50,0,詳細,0,0,0,0
A826,30代,東京都内,500万~800万,経験あり,Web資料請求,2,0,132,家賃収入,~2000万,未定/情報収集,9,89,1,基本,0,0,0,0
A827,40代,関東近郊,800万~1200万,経験なし,紹介,3,1,69,資産形成,3000万~5000万,1年以内,8,22,1,詳細,0,0,0,1
A828,40代,東京都内,~500万,経験あり,Web資料請求,5,1,178,家賃収入,2000万~3000万,半年以内,3,84,1,基本,0,0,0,0
A829,30代,関東近郊,800万~1200万,経験あり,Web資料請求,5,1,174,年金対策,3000万~5000万,3ヶ月以内,9,63,0,普通,1,1,0,1
A830,40代,東京都内,800万~1200万,経験なし,広告,1,0,135,資産形成,2000万~3000万,1年以内,1,25,0,普通,0,0,0,0
A831,30代,その他地方,~500万,経験なし,セミナー,4,0,19,資産形成,2000万~3000万,半年以内,5,13,0,普通,0,0,0,0
A832,40代,東京都内,500万~800万,経験あり,Web資料請求,1,0,78,家賃収入,3000万~5000万,半年以内,4,15,0,普通,0,0,0,0
A833,40代,その他地方,800万~1200万,経験なし,セミナー,2,0,72,家賃収入,5000万~,半年以内,0,67,1,基本,0,1,0,0
A834,50代以上,その他地方,1200万~2000万,経験なし,セミナー,4,0,108,その他,~2000万,1年以内,9,25,1,基本,0,0,0,0
A835,30代,関東近郊,800万~1200万,経験なし,Web資料請求,3,0,30,その他,2000万~3000万,半年以内,1,6,1,基本,0,0,0,0
A836,40代,関東近郊,800万~1200万,経験あり,紹介,2,0,0,家賃収入,3000万~5000万,1年以内,2,0,0,基本,1,0,0,1
A837,30代,東京都内,800万~1200万,経験なし,Web資料請求,4,0,63,税金対策,2000万~3000万,1年以内,3,61,0,基本,0,1,0,0
A838,20代,東京都内,~500万,経験あり,広告,2,0,9,資産形成,~2000万,3ヶ月以内,2,5,1,普通,0,0,0,0
A839,30代,関東近郊,~500万,経験なし,Web資料請求,4,0,70,資産形成,~2000万,半年以内,4,56,0,詳細,0,0,0,0
A840,50代以上,その他地方,1200万~2000万,経験なし,Web資料請求,1,0,66,家賃収入,~2000万,1年以内,8,11,1,普通,0,0,0,0
A841,40代,東京都内,800万~1200万,経験なし,Web資料請求,2,1,124,家賃収入,3000万~5000万,未定/情報収集,0,31,0,詳細,0,0,0,0
A842,50代以上,関東近郊,800万~1200万,経験なし,紹介,2,0,81,その他,~2000万,1年以内,2,78,1,普通,0,0,0,0
A843,30代,東京都内,800万~1200万,経験なし,Web資料請求,4,1,98,資産形成,3000万~5000万,3ヶ月以内,2,31,1,基本,0,0,0,1
A844,30代,東京都内,800万~1200万,経験なし,Web資料請求,1,0,167,税金対策,2000万~3000万,未定/情報収集,7,9,0,普通,1,0,0,0
A845,30代,東京都内,1200万~2000万,経験なし,Web資料請求,5,0,153,年金対策,5000万~,半年以内,1,52,0,普通,0,0,0,0
A846,50代以上,関東近郊,800万~1200万,経験あり,Web資料請求,2,0,106,資産形成,5000万~,3ヶ月以内,4,4,1,詳細,0,0,0,0
A847,20代,東京都内,~500万,経験あり,広告,4,0,77,税金対策,~2000万,未定/情報収集,9,49,1,普通,0,0,0,0
A848,30代,東京都内,1200万~2000万,経験あり,Web資料請求,2,0,88,資産形成,5000万~,1年以内,8,38,0,詳細,0,1,0,1
A849,30代,関東近郊,2000万~,経験あり,Web資料請求,5,0,102,家賃収入,3000万~5000万,1年以内,8,27,0,基本,0,0,0,0
A850,50代以上,東京都内,800万~1200万,経験なし,Web資料請求,3,0,177,家賃収入,3000万~5000万,1年以内,10,14,0,基本,0,1,0,0
A851,50代以上,その他地方,500万~800万,経験あり,広告,5,0,41,税金対策,3000万~5000万,半年以内,10,19,1,詳細,0,1,0,0
A852,50代以上,東京都内,800万~1200万,経験なし,紹介,5,0,45,税金対策,3000万~5000万,1年以内,10,3,1,詳細,0,0,0,1
A853,40代,東京都内,500万~800万,経験あり,Web資料請求,2,0,126,資産形成,5000万~,未定/情報収集,6,14,0,普通,0,0,0,0
A854,40代,東京都内,800万~1200万,経験なし,広告,5,0,60,家賃収入,5000万~,1年以内,7,57,1,詳細,0,1,0,1
A855,50代以上,東京都内,500万~800万,経験なし,セミナー,5,0,23,税金対策,5000万~,半年以内,2,2,0,基本,1,0,0,1
A856,40代,その他地方,800万~1200万,経験なし,広告,5,0,145,資産形成,3000万~5000万,3ヶ月以内,4,33,0,基本,0,0,0,0
A857,30代,東京都内,500万~800万,経験なし,広告,2,1,168,資産形成,2000万~3000万,未定/情報収集,1,83,1,基本,0,0,0,0
A858,40代,東京都内,~500万,経験なし,紹介,5,0,176,家賃収入,5000万~,1年以内,10,80,0,基本,0,1,0,1
A859,50代以上,東京都内,500万~800万,経験なし,広告,5,1,153,資産形成,2000万~3000万,未定/情報収集,1,2,0,基本,0,0,0,0
A860,40代,東京都内,500万~800万,経験なし,セミナー,1,0,28,年金対策,~2000万,半年以内,4,18,1,普通,1,1,0,1
A861,50代以上,東京都内,~500万,経験なし,セミナー,5,0,112,家賃収入,3000万~5000万,半年以内,2,51,0,普通,0,0,0,0
A862,20代,東京都内,500万~800万,経験なし,セミナー,3,1,75,資産形成,2000万~3000万,3ヶ月以内,2,15,0,基本,0,0,0,0
A863,40代,東京都内,800万~1200万,経験あり,紹介,1,1,101,家賃収入,2000万~3000万,1年以内,1,61,0,基本,0,0,0,1
A864,50代以上,関東近郊,2000万~,経験なし,Web資料請求,5,0,179,資産形成,5000万~,1年以内,8,0,1,普通,0,0,0,1
A865,40代,東京都内,~500万,経験あり,Web資料請求,3,0,129,資産形成,3000万~5000万,半年以内,4,61,0,詳細,0,0,0,0
A866,50代以上,東京都内,800万~1200万,経験あり,紹介,3,0,132,家賃収入,2000万~3000万,3ヶ月以内,7,30,0,普通,0,0,0,0
A867,40代,東京都内,800万~1200万,経験あり,Web資料請求,1,0,132,税金対策,2000万~3000万,1年以内,0,52,1,普通,0,1,0,0
A868,40代,関東近郊,2000万~,経験なし,セミナー,2,0,128,家賃収入,~2000万,未定/情報収集,10,28,0,普通,0,0,0,1
A869,50代以上,関東近郊,800万~1200万,経験なし,セミナー,1,1,7,資産形成,2000万~3000万,1年以内,4,6,1,基本,0,0,0,0
A870,50代以上,関東近郊,500万~800万,経験あり,セミナー,1,1,79,資産形成,~2000万,半年以内,4,30,0,詳細,0,0,0,0
A871,40代,東京都内,1200万~2000万,経験あり,紹介,4,0,17,資産形成,5000万~,未定/情報収集,2,13,0,基本,0,0,0,0
A872,20代,東京都内,1200万~2000万,経験なし,セミナー,2,1,108,資産形成,2000万~3000万,未定/情報収集,5,47,0,基本,0,1,0,0
A873,40代,関東近郊,500万~800万,経験あり,紹介,2,1,12,税金対策,3000万~5000万,半年以内,9,11,1,基本,0,0,0,1
A874,20代,その他地方,1200万~2000万,経験なし,Web資料請求,5,0,129,資産形成,5000万~,未定/情報収集,6,43,0,詳細,0,1,1,1
A875,50代以上,関東近郊,800万~1200万,経験なし,Web資料請求,3,0,69,資産形成,2000万~3000万,3ヶ月以内,9,1,1,詳細,0,0,0,1
A876,30代,関東近郊,800万~1200万,経験あり,セミナー,5,0,121,税金対策,3000万~5000万,半年以内,9,55,1,基本,1,1,0,1
A877,50代以上,関東近郊,800万~1200万,経験なし,Web資料請求,2,1,50,資産形成,2000万~3000万,1年以内,5,13,0,詳細,0,0,0,0
A878,50代以上,東京都内,800万~1200万,経験あり,Web資料請求,2,0,179,年金対策,3000万~5000万,半年以内,2,89,1,普通,1,1,0,1
A879,30代,関東近郊,1200万~2000万,経験なし,Web資料請求,5,1,40,年金対策,2000万~3000万,半年以内,5,23,0,詳細,0,0,0,0
A880,30代,東京都内,500万~800万,経験なし,Web資料請求,3,0,113,家賃収入,3000万~5000万,半年以内,0,73,0,詳細,1,0,0,0
A881,50代以上,東京都内,800万~1200万,経験あり,Web資料請求,1,0,60,年金対策,2000万~3000万,半年以内,9,53,1,普通,0,0,0,0
A882,40代,東京都内,800万~1200万,経験なし,セミナー,4,0,160,家賃収入,5000万~,半年以内,2,84,1,詳細,0,0,0,1
A883,30代,東京都内,1200万~2000万,経験なし,セミナー,1,0,120,家賃収入,~2000万,半年以内,2,80,0,普通,1,0,0,0
A884,30代,東京都内,800万~1200万,経験なし,セミナー,1,0,86,資産形成,~2000万,3ヶ月以内,4,82,0,詳細,0,0,0,0
A885,50代以上,関東近郊,800万~1200万,経験あり,Web資料請求,5,0,111,家賃収入,5000万~,半年以内,0,52,0,普通,0,1,0,0
A886,30代,関東近郊,800万~1200万,経験あり,セミナー,1,1,15,資産形成,3000万~5000万,半年以内,2,7,0,基本,1,1,0,1
A887,30代,東京都内,800万~1200万,経験なし,Web資料請求,2,1,176,家賃収入,3000万~5000万,1年以内,0,6,0,基本,0,0,0,0
A888,50代以上,東京都内,2000万~,経験なし,広告,1,0,24,年金対策,~2000万,半年以内,1,14,1,詳細,1,0,0,1
A889,30代,東京都内,800万~1200万,経験なし,Web資料請求,3,0,9,家賃収入,3000万~5000万,未定/情報収集,9,6,0,普通,0,0,0,0
A890,40代,東京都内,800万~1200万,経験なし,広告,5,0,3,税金対策,~2000万,3ヶ月以内,2,1,0,詳細,1,1,0,1
A891,30代,東京都内,800万~1200万,経験あり,紹介,3,0,16,資産形成,~2000万,3ヶ月以内,7,5,0,普通,1,0,0,1
A892,50代以上,東京都内,800万~1200万,経験あり,Web資料請求,5,1,125,税金対策,3000万~5000万,1年以内,4,48,0,基本,0,1,0,0
A893,40代,東京都内,800万~1200万,経験なし,紹介,4,0,57,資産形成,~2000万,3ヶ月以内,10,33,0,基本,0,0,0,1
A894,40代,東京都内,~500万,経験なし,紹介,4,0,83,家賃収入,5000万~,未定/情報収集,3,40,0,普通,0,0,0,0
A895,50代以上,関東近郊,800万~1200万,経験なし,セミナー,3,0,42,家賃収入,3000万~5000万,3ヶ月以内,7,22,1,基本,0,0,0,0
A896,30代,東京都内,2000万~,経験なし,セミナー,3,0,10,家賃収入,5000万~,1年以内,4,2,0,詳細,0,0,0,1
A897,40代,関東近郊,800万~1200万,経験なし,紹介,3,0,109,税金対策,5000万~,半年以内,3,29,1,詳細,0,0,0,1
A898,40代,東京都内,800万~1200万,経験あり,紹介,3,0,114,家賃収入,2000万~3000万,半年以内,9,81,0,基本,0,1,0,1
A899,30代,その他地方,1200万~2000万,経験なし,Web資料請求,4,0,54,資産形成,3000万~5000万,1年以内,8,29,1,普通,1,0,0,1
A900,30代,関東近郊,800万~1200万,経験あり,紹介,1,1,9,資産形成,2000万~3000万,半年以内,10,9,0,基本,0,1,0,1
A901,40代,関東近郊,800万~1200万,経験あり,紹介,5,0,10,資産形成,5000万~,1年以内,9,6,0,基本,0,0,0,1
A902,20代,関東近郊,800万~1200万,経験なし,紹介,3,0,129,家賃収入,5000万~,未定/情報収集,2,80,0,普通,0,0,0,0
A903,40代,東京都内,800万~1200万,経験なし,Web資料請求,5,0,117,家賃収入,~2000万,3ヶ月以内,6,68,0,基本,0,1,0,0
A904,50代以上,関東近郊,500万~800万,経験なし,セミナー,5,0,166,家賃収入,~2000万,3ヶ月以内,5,87,1,普通,0,1,0,1
A905,30代,その他地方,800万~1200万,経験なし,Web資料請求,2,0,100,税金対策,3000万~5000万,未定/情報収集,1,19,0,普通,0,0,0,0
A906,50代以上,東京都内,1200万~2000万,経験なし,広告,2,0,44,資産形成,2000万~3000万,1年以内,5,4,0,詳細,0,0,0,0
A907,40代,関東近郊,800万~1200万,経験なし,Web資料請求,5,0,176,その他,3000万~5000万,未定/情報収集,10,3,0,詳細,1,0,0,0
A908,40代,東京都内,800万~1200万,経験なし,広告,4,1,161,税金対策,5000万~,未定/情報収集,6,44,1,詳細,0,0,0,1
A909,50代以上,関東近郊,800万~1200万,経験あり,セミナー,3,0,175,家賃収入,3000万~5000万,半年以内,7,15,0,詳細,0,0,0,1
A910,50代以上,東京都内,800万~1200万,経験あり,セミナー,2,0,139,家賃収入,2000万~3000万,1年以内,6,52,0,詳細,0,1,0,1
A911,30代,東京都内,2000万~,経験なし,Web資料請求,5,0,26,家賃収入,~2000万,1年以内,5,21,1,基本,0,1,0,1
A912,20代,東京都内,~500万,経験あり,広告,5,0,68,家賃収入,~2000万,未定/情報収集,7,64,1,詳細,0,0,0,0
A913,20代,東京都内,2000万~,経験なし,セミナー,5,0,157,資産形成,3000万~5000万,3ヶ月以内,9,34,0,普通,0,1,0,1
A914,30代,東京都内,500万~800万,経験なし,広告,5,1,6,資産形成,3000万~5000万,半年以内,2,5,1,詳細,0,1,0,1
A915,30代,東京都内,1200万~2000万,経験なし,Web資料請求,4,0,162,資産形成,2000万~3000万,未定/情報収集,7,90,1,基本,0,1,0,0
A916,30代,東京都内,500万~800万,経験あり,Web資料請求,4,0,61,家賃収入,2000万~3000万,1年以内,5,12,0,普通,0,1,0,0
A917,50代以上,関東近郊,800万~1200万,経験なし,Web資料請求,3,0,164,家賃収入,3000万~5000万,3ヶ月以内,4,84,1,詳細,1,0,0,1
A918,40代,東京都内,~500万,経験なし,広告,3,0,10,家賃収入,3000万~5000万,未定/情報収集,6,7,0,普通,0,0,0,0
A919,50代以上,その他地方,2000万~,経験なし,セミナー,2,0,78,資産形成,3000万~5000万,1年以内,10,35,0,詳細,0,1,0,1
A920,40代,関東近郊,2000万~,経験なし,紹介,1,1,51,資産形成,2000万~3000万,1年以内,9,2,0,普通,0,0,0,1
A921,20代,東京都内,500万~800万,経験なし,セミナー,5,0,5,家賃収入,2000万~3000万,未定/情報収集,9,0,0,詳細,0,0,0,0
A922,30代,東京都内,500万~800万,経験あり,Web資料請求,5,1,158,家賃収入,~2000万,3ヶ月以内,10,63,0,基本,0,0,0,0
A923,40代,関東近郊,~500万,経験あり,紹介,5,0,119,家賃収入,5000万~,未定/情報収集,10,5,0,詳細,0,1,0,1
A924,40代,東京都内,800万~1200万,経験あり,Web資料請求,5,0,116,家賃収入,5000万~,1年以内,0,58,1,普通,0,0,0,1
A925,20代,東京都内,800万~1200万,経験あり,Web資料請求,1,0,139,資産形成,3000万~5000万,1年以内,9,12,0,基本,0,0,1,0
A926,20代,東京都内,1200万~2000万,経験なし,広告,3,0,34,家賃収入,3000万~5000万,半年以内,7,23,0,普通,0,0,0,0
A927,30代,関東近郊,800万~1200万,経験なし,Web資料請求,5,1,167,資産形成,5000万~,1年以内,9,3,1,基本,0,1,0,0
A928,40代,関東近郊,1200万~2000万,経験あり,Web資料請求,4,0,179,家賃収入,2000万~3000万,未定/情報収集,3,67,0,普通,0,1,0,0
A929,50代以上,東京都内,1200万~2000万,経験あり,紹介,2,1,107,家賃収入,5000万~,3ヶ月以内,2,27,0,詳細,0,1,0,1
A930,30代,その他地方,800万~1200万,経験あり,セミナー,3,0,1,家賃収入,~2000万,1年以内,2,1,1,普通,0,1,0,0
A931,30代,東京都内,1200万~2000万,経験あり,紹介,3,0,132,資産形成,2000万~3000万,未定/情報収集,2,77,0,普通,0,1,0,1
A932,30代,東京都内,800万~1200万,経験なし,紹介,2,0,134,家賃収入,~2000万,1年以内,4,8,0,詳細,0,1,0,1
A933,20代,東京都内,500万~800万,経験なし,セミナー,2,0,80,資産形成,~2000万,3ヶ月以内,6,31,1,普通,0,0,0,0
A934,40代,その他地方,1200万~2000万,経験なし,セミナー,4,1,153,税金対策,2000万~3000万,半年以内,5,33,0,普通,0,0,0,1
A935,40代,東京都内,500万~800万,経験あり,Web資料請求,5,0,64,年金対策,~2000万,3ヶ月以内,7,42,0,普通,0,0,0,0
A936,40代,関東近郊,800万~1200万,経験あり,Web資料請求,4,0,75,家賃収入,3000万~5000万,未定/情報収集,8,56,0,詳細,0,0,0,1
A937,40代,東京都内,1200万~2000万,経験あり,セミナー,5,0,60,資産形成,2000万~3000万,未定/情報収集,4,37,0,普通,0,0,0,0
A938,40代,関東近郊,~500万,経験あり,セミナー,2,0,160,年金対策,~2000万,半年以内,10,21,1,基本,0,0,0,0
A939,30代,東京都内,1200万~2000万,経験なし,紹介,4,1,42,資産形成,2000万~3000万,半年以内,6,30,1,詳細,0,0,0,1
A940,40代,関東近郊,~500万,経験なし,Web資料請求,5,0,10,税金対策,2000万~3000万,3ヶ月以内,2,9,0,普通,0,0,0,0
A941,50代以上,関東近郊,1200万~2000万,経験なし,広告,2,0,53,その他,2000万~3000万,1年以内,3,25,1,詳細,0,0,0,0
A942,30代,その他地方,500万~800万,経験なし,Web資料請求,5,0,27,年金対策,3000万~5000万,未定/情報収集,7,22,0,普通,1,1,0,0
A943,40代,東京都内,500万~800万,経験なし,紹介,5,0,14,資産形成,2000万~3000万,半年以内,5,9,1,普通,0,0,0,1
A944,40代,東京都内,1200万~2000万,経験なし,Web資料請求,4,0,60,家賃収入,5000万~,未定/情報収集,9,31,0,普通,0,0,0,1
A945,40代,関東近郊,1200万~2000万,経験なし,広告,4,0,172,資産形成,3000万~5000万,1年以内,10,41,1,普通,0,0,0,1
A946,40代,東京都内,2000万~,経験なし,広告,4,0,80,税金対策,3000万~5000万,3ヶ月以内,9,69,0,基本,0,0,0,1
A947,40代,関東近郊,800万~1200万,経験なし,セミナー,4,0,133,資産形成,2000万~3000万,未定/情報収集,0,85,0,詳細,1,1,0,0
A948,40代,関東近郊,800万~1200万,経験あり,広告,2,0,66,資産形成,5000万~,半年以内,4,48,0,詳細,0,1,0,1
A949,50代以上,東京都内,800万~1200万,経験あり,Web資料請求,1,0,128,家賃収入,3000万~5000万,3ヶ月以内,1,67,0,詳細,0,1,0,0
A950,50代以上,東京都内,500万~800万,経験なし,セミナー,5,1,18,家賃収入,~2000万,1年以内,1,13,0,普通,0,1,0,0
A951,40代,東京都内,800万~1200万,経験あり,Web資料請求,3,1,78,資産形成,3000万~5000万,3ヶ月以内,0,0,1,普通,0,0,1,1
A952,40代,関東近郊,800万~1200万,経験なし,セミナー,4,0,32,税金対策,2000万~3000万,半年以内,3,16,1,基本,0,1,0,1
A953,30代,東京都内,800万~1200万,経験なし,セミナー,3,1,145,その他,3000万~5000万,未定/情報収集,3,40,0,詳細,0,1,0,1
A954,40代,東京都内,2000万~,経験なし,セミナー,5,1,114,資産形成,2000万~3000万,未定/情報収集,9,61,0,詳細,0,1,0,1
A955,40代,東京都内,~500万,経験あり,紹介,1,0,14,資産形成,2000万~3000万,半年以内,10,11,1,普通,0,0,0,0
A956,40代,関東近郊,800万~1200万,経験なし,Web資料請求,2,0,58,資産形成,~2000万,3ヶ月以内,9,7,1,基本,0,1,0,1
A957,30代,東京都内,2000万~,経験あり,紹介,4,0,68,税金対策,2000万~3000万,1年以内,1,25,0,普通,0,0,0,1
A958,30代,関東近郊,2000万~,経験あり,セミナー,3,1,30,資産形成,3000万~5000万,1年以内,1,3,0,普通,1,1,0,1
A959,40代,関東近郊,800万~1200万,経験なし,広告,2,0,42,その他,5000万~,半年以内,8,1,1,詳細,0,0,0,1
A960,40代,その他地方,2000万~,経験なし,Web資料請求,1,1,122,資産形成,3000万~5000万,半年以内,10,2,1,普通,0,0,0,1
A961,50代以上,関東近郊,500万~800万,経験なし,セミナー,1,0,139,その他,~2000万,半年以内,5,76,0,普通,0,0,0,0
A962,40代,東京都内,500万~800万,経験あり,紹介,2,0,27,資産形成,2000万~3000万,半年以内,6,4,1,詳細,0,0,0,1
A963,40代,東京都内,~500万,経験あり,Web資料請求,3,0,138,その他,3000万~5000万,半年以内,10,69,0,詳細,0,1,0,1
A964,50代以上,関東近郊,500万~800万,経験なし,紹介,3,0,143,家賃収入,2000万~3000万,3ヶ月以内,3,26,1,普通,0,0,0,1
A965,50代以上,関東近郊,500万~800万,経験あり,セミナー,3,0,156,資産形成,3000万~5000万,半年以内,0,85,1,普通,0,0,0,0
A966,30代,東京都内,1200万~2000万,経験なし,広告,2,0,128,年金対策,5000万~,1年以内,6,58,1,詳細,0,0,0,0
A967,40代,関東近郊,~500万,経験なし,Web資料請求,2,0,85,資産形成,2000万~3000万,3ヶ月以内,10,35,1,基本,0,0,0,0
A968,30代,その他地方,2000万~,経験あり,セミナー,3,1,70,資産形成,2000万~3000万,1年以内,1,66,0,基本,1,0,0,1
A969,40代,関東近郊,500万~800万,経験なし,紹介,4,0,30,家賃収入,2000万~3000万,1年以内,2,24,0,普通,0,0,0,0
A970,30代,関東近郊,500万~800万,経験なし,Web資料請求,2,1,22,資産形成,3000万~5000万,半年以内,7,16,1,詳細,0,0,0,0
A971,40代,東京都内,~500万,経験なし,広告,2,0,13,税金対策,2000万~3000万,未定/情報収集,1,4,0,基本,0,0,0,0
A972,50代以上,関東近郊,500万~800万,経験なし,セミナー,1,0,125,税金対策,3000万~5000万,半年以内,6,86,0,詳細,0,0,0,0
A973,40代,東京都内,800万~1200万,経験なし,広告,4,0,78,家賃収入,3000万~5000万,1年以内,4,12,0,詳細,0,0,0,0
A974,40代,東京都内,~500万,経験あり,Web資料請求,4,0,2,家賃収入,2000万~3000万,半年以内,6,1,0,基本,0,0,0,0
A975,50代以上,東京都内,1200万~2000万,経験あり,広告,3,0,73,家賃収入,2000万~3000万,3ヶ月以内,0,23,0,基本,0,0,0,0
A976,30代,その他地方,800万~1200万,経験なし,Web資料請求,2,0,0,資産形成,2000万~3000万,1年以内,3,0,1,普通,0,1,0,0
A977,30代,東京都内,800万~1200万,経験なし,広告,2,0,27,資産形成,3000万~5000万,3ヶ月以内,5,25,0,普通,0,1,0,0
A978,40代,東京都内,1200万~2000万,経験あり,広告,3,0,90,家賃収入,3000万~5000万,半年以内,1,76,1,基本,0,0,0,0
A979,40代,関東近郊,500万~800万,経験なし,広告,1,0,156,資産形成,3000万~5000万,半年以内,10,58,1,普通,0,0,0,0
A980,40代,関東近郊,800万~1200万,経験なし,広告,2,0,17,家賃収入,2000万~3000万,未定/情報収集,5,17,0,詳細,0,1,0,0
A981,30代,関東近郊,800万~1200万,経験なし,Web資料請求,5,1,65,資産形成,2000万~3000万,半年以内,1,46,0,詳細,0,1,0,0
A982,40代,東京都内,2000万~,経験なし,広告,5,1,101,税金対策,2000万~3000万,半年以内,6,60,1,普通,0,0,0,1
A983,50代以上,東京都内,~500万,経験なし,セミナー,1,0,60,その他,3000万~5000万,1年以内,7,32,1,基本,0,1,0,0
A984,30代,東京都内,800万~1200万,経験あり,紹介,4,1,180,年金対策,3000万~5000万,1年以内,5,80,0,普通,0,1,0,1
A985,30代,関東近郊,800万~1200万,経験あり,Web資料請求,3,0,86,家賃収入,3000万~5000万,未定/情報収集,4,33,0,詳細,0,1,0,1
A986,50代以上,その他地方,500万~800万,経験あり,紹介,1,1,89,家賃収入,2000万~3000万,未定/情報収集,7,55,1,基本,0,0,0,1
A987,30代,東京都内,1200万~2000万,経験なし,Web資料請求,1,1,21,資産形成,~2000万,1年以内,5,7,1,普通,0,0,0,0
A988,40代,東京都内,1200万~2000万,経験なし,Web資料請求,4,0,78,税金対策,3000万~5000万,1年以内,5,46,0,詳細,0,0,0,0
A989,40代,関東近郊,500万~800万,経験なし,紹介,5,0,34,年金対策,2000万~3000万,半年以内,8,9,0,普通,0,1,0,1
A990,30代,関東近郊,500万~800万,経験なし,広告,5,1,7,家賃収入,3000万~5000万,未定/情報収集,3,7,0,普通,0,0,0,0
A991,40代,東京都内,2000万~,経験あり,紹介,2,0,19,家賃収入,5000万~,1年以内,6,2,0,詳細,0,1,0,1
A992,30代,東京都内,500万~800万,経験なし,Web資料請求,4,0,54,家賃収入,2000万~3000万,3ヶ月以内,1,20,0,詳細,0,1,0,1
A993,30代,東京都内,800万~1200万,経験なし,セミナー,3,0,107,家賃収入,3000万~5000万,未定/情報収集,9,51,1,詳細,1,0,0,1
A994,40代,その他地方,800万~1200万,経験あり,セミナー,4,0,116,家賃収入,3000万~5000万,3ヶ月以内,9,76,0,詳細,0,1,0,1
A995,30代,東京都内,2000万~,経験なし,セミナー,5,0,102,その他,2000万~3000万,未定/情報収集,10,51,0,詳細,1,0,0,1
A996,30代,関東近郊,800万~1200万,経験なし,セミナー,5,0,145,税金対策,~2000万,半年以内,2,73,0,普通,0,0,0,0
A997,50代以上,東京都内,800万~1200万,経験なし,Web資料請求,1,1,5,資産形成,2000万~3000万,1年以内,9,2,1,詳細,1,1,0,1
A998,50代以上,東京都内,500万~800万,経験なし,Web資料請求,3,0,88,税金対策,3000万~5000万,1年以内,7,18,1,普通,0,0,0,0
A999,40代,関東近郊,1200万~2000万,経験なし,広告,1,1,33,年金対策,5000万~,1年以内,4,23,0,基本,0,1,0,0
A1000,50代以上,東京都内,800万~1200万,経験なし,Web資料請求,5,1,42,資産形成,3000万~5000万,3ヶ月以内,2,1,1,詳細,0,0,0,1